season,bowler,runs_conceded,balls_bowled,wickets,matches,economy,wickets_per_match
2008.0,A Kumble,314,236,8,10,7.98,0.8
2008.0,A Mishra,140,123,11,6,6.83,1.83
2008.0,A Nehra,357,280,14,14,7.65,1.0
2008.0,A Nel,31,18,1,1,10.33,1.0
2008.0,A Symonds,106,44,0,3,14.45,0.0
2008.0,AA Noffke,41,25,1,1,9.84,1.0
2008.0,AB Agarkar,211,168,8,9,7.54,0.89
2008.0,AB Dinda,266,245,11,12,6.51,0.92
2008.0,AD Mascarenhas,31,25,2,1,7.44,2.0
2008.0,AM Nayar,69,43,1,5,9.63,0.2
2008.0,Abdur Razzak,29,14,0,1,12.43,0.0
2008.0,B Akhil,138,105,3,6,7.89,0.5
2008.0,B Geeves,91,49,2,2,11.14,1.0
2008.0,B Lee,118,99,5,4,7.15,1.25
2008.0,BAW Mendis,24,24,1,1,6.0,1.0
2008.0,CK Kapugedera,49,17,0,3,17.29,0.0
2008.0,CL White,24,7,0,1,20.57,0.0
2008.0,CRD Fernando,164,128,12,5,7.69,2.4
2008.0,D Kalyankrishna,88,50,2,3,10.56,0.67
2008.0,D Salunkhe,80,51,1,5,9.41,0.2
2008.0,DB Ravi Teja,19,12,1,1,9.5,1.0
2008.0,DJ Bravo,239,181,11,9,7.92,1.22
2008.0,DJ Hussey,134,79,3,5,10.18,0.6
2008.0,DJ Thornely,40,44,3,4,5.45,0.75
2008.0,DL Vettori,54,48,2,2,6.75,1.0
2008.0,DNT Zoysa,100,69,2,3,8.7,0.67
2008.0,DP Vijaykumar,205,159,4,9,7.74,0.44
2008.0,DR Smith,83,69,5,4,7.22,1.25
2008.0,DS Kulkarni,242,193,13,10,7.52,1.3
2008.0,DW Steyn,265,247,13,10,6.44,1.3
2008.0,GD McGrath,366,329,14,14,6.67,1.0
2008.0,Gagandeep Singh,142,84,3,4,10.14,0.75
2008.0,Harbhajan Singh,84,62,6,3,8.13,2.0
2008.0,I Sharma,348,266,7,13,7.85,0.54
2008.0,IK Pathan,361,336,20,14,6.45,1.43
2008.0,Iqbal Abdulla,22,18,1,1,7.33,1.0
2008.0,JA Morkel,414,310,20,13,8.01,1.54
2008.0,JDP Oram,149,100,6,4,8.94,1.5
2008.0,JH Kallis,322,211,4,11,9.16,0.36
2008.0,JR Hopes,285,171,7,11,10.0,0.64
2008.0,Joginder Sharma,241,158,9,7,9.15,1.29
2008.0,K Goel,25,12,0,1,12.5,0.0
2008.0,L Balaji,293,205,11,9,8.58,1.22
2008.0,LPC Silva,21,6,0,1,21.0,0.0
2008.0,LR Shukla,126,78,6,9,9.69,0.67
2008.0,M Kartik,132,89,5,5,8.9,1.0
2008.0,M Muralitharan,416,369,11,15,6.76,0.73
2008.0,M Ntini,257,213,8,9,7.24,0.89
2008.0,MA Khote,52,30,2,2,10.4,1.0
2008.0,MF Maharoof,255,226,19,10,6.77,1.9
2008.0,MM Patel,423,336,16,15,7.55,1.07
2008.0,MS Gony,456,371,18,16,7.37,1.12
2008.0,Mohammad Asif,307,199,9,8,9.26,1.12
2008.0,Mohammad Hafeez,71,63,2,4,6.76,0.5
2008.0,P Amarnath,241,132,7,6,10.95,1.17
2008.0,P Kumar,376,275,12,13,8.2,0.92
2008.0,PJ Sangwan,221,155,7,7,8.55,1.0
2008.0,PM Sarvesh Kumar,42,31,1,2,8.13,0.5
2008.0,PP Chawla,396,286,19,15,8.31,1.27
2008.0,PP Ojha,299,236,11,12,7.6,0.92
2008.0,Pankaj Singh,129,76,0,5,10.18,0.0
2008.0,R Bhatia,185,134,9,9,8.28,1.0
2008.0,R Vinay Kumar,183,141,7,8,7.79,0.88
2008.0,RA Jadeja,21,13,1,2,9.69,0.5
2008.0,RG Sharma,26,25,1,1,6.24,1.0
2008.0,RP Singh,459,325,17,14,8.47,1.21
2008.0,RR Powar,93,77,3,5,7.25,0.6
2008.0,RR Raje,142,102,6,6,8.35,1.0
2008.0,S Sreesanth,451,332,19,15,8.15,1.27
2008.0,S Vidyut,22,13,1,1,10.15,1.0
2008.0,SB Bangar,221,153,6,9,8.67,0.67
2008.0,SB Joshi,82,55,1,4,8.95,0.25
2008.0,SB Styris,201,167,4,8,7.22,0.5
2008.0,SC Ganguly,132,121,7,7,6.55,1.0
2008.0,SD Chitnis,62,38,2,2,9.79,1.0
2008.0,SK Raina,30,20,2,2,9.0,1.0
2008.0,SK Trivedi,407,300,15,15,8.14,1.0
2008.0,SK Warne,409,319,20,15,7.69,1.33
2008.0,SM Pollock,307,280,13,13,6.58,1.0
2008.0,SR Watson,395,344,20,15,6.89,1.33
2008.0,ST Jayasuriya,163,127,5,8,7.7,0.62
2008.0,Shahid Afridi,237,185,9,10,7.69,0.9
2008.0,Shoaib Akhtar,54,46,5,3,7.04,1.67
2008.0,Shoaib Malik,87,58,2,5,9.0,0.4
2008.0,Sohail Tanvir,275,265,24,11,6.23,2.18
2008.0,TM Dilshan,3,6,1,1,3.0,1.0
2008.0,Umar Gul,198,153,14,6,7.76,2.33
2008.0,V Kohli,62,49,2,4,7.59,0.5
2008.0,V Sehwag,134,67,3,7,12.0,0.43
2008.0,VRV Singh,425,296,15,13,8.61,1.15
2008.0,VS Yeligati,61,32,0,2,11.44,0.0
2008.0,VY Mahesh,380,266,17,11,8.57,1.55
2008.0,WA Mota,36,20,1,2,10.8,0.5
2008.0,WPUJC Vaas,146,103,6,5,8.5,1.2
2008.0,Y Venugopal Rao,137,88,3,7,9.34,0.43
2008.0,YK Pathan,233,170,10,13,8.22,0.77
2008.0,Yuvraj Singh,85,56,3,6,9.11,0.5
2008.0,Z Khan,369,258,15,11,8.58,1.36
2009.0,A Flintoff,106,66,2,3,9.64,0.67
2009.0,A Kumble,353,358,22,16,5.92,1.38
2009.0,A Mishra,300,262,14,11,6.87,1.27
2009.0,A Mithun,42,27,0,1,9.33,0.0
2009.0,A Nehra,354,326,22,13,6.52,1.69
2009.0,A Singh,100,107,9,5,5.61,1.8
2009.0,A Symonds,162,147,9,8,6.61,1.12
2009.0,AB Agarkar,293,199,8,11,8.83,0.73
2009.0,AB Dinda,195,150,6,8,7.8,0.75
2009.0,AB McDonald,22,18,0,1,7.33,0.0
2009.0,AD Mascarenhas,133,116,6,5,6.88,1.2
2009.0,AD Mathews,32,15,0,1,12.8,0.0
2009.0,AM Nayar,84,77,4,4,6.55,1.0
2009.0,AM Rahane,5,6,1,1,5.0,1.0
2009.0,AM Salvi,138,106,4,5,7.81,0.8
2009.0,AS Raut,37,24,0,4,9.25,0.0
2009.0,Anureet Singh,47,34,2,2,8.29,1.0
2009.0,B Akhil,80,69,4,5,6.96,0.8
2009.0,B Lee,113,133,6,5,5.1,1.2
2009.0,BAW Mendis,136,102,4,4,8.0,1.0
2009.0,BJ Hodge,167,123,7,9,8.15,0.78
2009.0,C Nanda,58,50,2,3,6.96,0.67
2009.0,CH Gayle,146,119,1,7,7.36,0.14
2009.0,CK Langeveldt,15,25,3,1,3.6,3.0
2009.0,D du Preez,56,43,4,2,7.81,2.0
2009.0,DJ Bravo,265,211,14,11,7.54,1.27
2009.0,DJ Hussey,34,25,1,3,8.16,0.33
2009.0,DL Vettori,186,141,10,7,7.91,1.43
2009.0,DP Nannes,384,320,20,13,7.2,1.54
2009.0,DR Smith,128,85,1,8,9.04,0.12
2009.0,DS Kulkarni,209,160,5,8,7.84,0.62
2009.0,DW Steyn,62,59,3,3,6.31,1.0
2009.0,FH Edwards,160,150,6,6,6.4,1.0
2009.0,GR Napier,28,24,1,1,7.0,1.0
2009.0,Harbhajan Singh,272,268,13,13,6.09,1.0
2009.0,Harmeet Singh,198,142,4,7,8.37,0.57
2009.0,I Sharma,303,270,11,11,6.73,1.0
2009.0,IK Pathan,398,314,20,14,7.61,1.43
2009.0,J Botha,76,75,5,3,6.08,1.67
2009.0,JA Morkel,330,249,15,12,7.95,1.25
2009.0,JD Ryder,121,104,5,5,6.98,1.0
2009.0,JDP Oram,139,94,6,7,8.87,0.86
2009.0,JH Kallis,362,289,7,14,7.52,0.5
2009.0,JP Duminy,96,107,4,6,5.38,0.67
2009.0,Jaskaran Singh,32,19,0,1,10.11,0.0
2009.0,Joginder Sharma,57,43,2,4,7.95,0.5
2009.0,K Goel,62,49,0,4,7.59,0.0
2009.0,KP Appanna,91,72,2,5,7.58,0.4
2009.0,KP Pietersen,88,80,5,4,6.6,1.25
2009.0,Kamran Khan,148,121,10,5,7.34,2.0
2009.0,L Balaji,320,229,14,13,8.38,1.08
2009.0,LA Carseldine,6,7,1,1,5.14,1.0
2009.0,LR Shukla,102,88,5,5,6.95,1.0
2009.0,LRPL Taylor,13,7,0,1,11.14,0.0
2009.0,M Kartik,207,210,5,10,5.91,0.5
2009.0,M Morkel,40,44,1,2,5.45,0.5
2009.0,M Muralitharan,267,304,16,13,5.27,1.23
2009.0,MC Henriques,107,76,2,4,8.45,0.5
2009.0,MF Maharoof,67,66,4,3,6.09,1.33
2009.0,MK Tiwary,11,6,0,1,11.0,0.0
2009.0,MM Patel,245,218,18,11,6.74,1.64
2009.0,MS Gony,173,107,5,7,9.7,0.71
2009.0,Mashrafe Mortaza,59,28,1,1,12.64,1.0
2009.0,P Kumar,401,312,16,13,7.71,1.23
2009.0,PJ Sangwan,374,297,18,13,7.56,1.38
2009.0,PP Chawla,319,273,12,14,7.01,0.86
2009.0,PP Ojha,359,327,21,15,6.59,1.4
2009.0,Pankaj Singh,65,45,2,3,8.67,0.67
2009.0,R Ashwin,14,24,2,1,3.5,2.0
2009.0,R Bhatia,153,133,11,7,6.9,1.57
2009.0,R Vinay Kumar,273,199,9,11,8.23,0.82
2009.0,RA Jadeja,156,144,6,10,6.5,0.6
2009.0,RA Shaikh,11,6,0,1,11.0,0.0
2009.0,RE van der Merwe,263,209,9,10,7.55,0.9
2009.0,RG Sharma,163,140,12,12,6.99,1.0
2009.0,RJ Harris,235,192,6,8,7.34,0.75
2009.0,RP Singh,430,382,26,16,6.75,1.62
2009.0,RR Bose,24,12,0,1,12.0,0.0
2009.0,RR Powar,138,132,6,8,6.27,0.75
2009.0,RR Raje,72,42,1,4,10.29,0.25
2009.0,RS Bopara,5,8,0,2,3.75,0.0
2009.0,S Sreesanth,196,145,6,7,8.11,0.86
2009.0,S Tyagi,143,118,5,8,7.27,0.62
2009.0,SB Jakati,225,175,13,8,7.71,1.62
2009.0,SB Styris,64,49,5,2,7.84,2.5
2009.0,SC Ganguly,98,73,2,6,8.05,0.33
2009.0,SK Raina,169,167,8,10,6.07,0.8
2009.0,SK Trivedi,152,123,6,7,7.41,0.86
2009.0,SK Warne,369,313,14,13,7.07,1.08
2009.0,SL Malinga,334,326,21,13,6.15,1.62
2009.0,SM Harwood,74,67,3,3,6.63,1.0
2009.0,SR Tendulkar,59,37,0,4,9.57,0.0
2009.0,SS Sarkar,34,25,1,2,8.16,0.5
2009.0,ST Jayasuriya,165,119,8,9,8.32,0.89
2009.0,Shoaib Ahmed,154,103,5,7,8.97,0.71
2009.0,T Henderson,41,36,1,2,6.83,0.5
2009.0,T Thushara,61,50,3,2,7.32,1.5
2009.0,TL Suman,108,91,6,5,7.12,1.2
2009.0,TM Dilshan,99,96,0,8,6.19,0.0
2009.0,V Kohli,46,39,0,3,7.08,0.0
2009.0,V Sehwag,25,7,0,1,21.43,0.0
2009.0,VRV Singh,83,54,1,4,9.22,0.25
2009.0,VS Malik,100,74,2,5,8.11,0.4
2009.0,VY Mahesh,25,13,1,1,11.54,1.0
2009.0,WA Mota,62,55,3,5,6.76,0.6
2009.0,WPUJC Vaas,71,52,5,2,8.19,2.5
2009.0,Y Nagar,20,13,2,1,9.23,2.0
2009.0,Y Venugopal Rao,123,92,4,6,8.02,0.67
2009.0,YA Abdulla,244,180,14,9,8.13,1.56
2009.0,YK Pathan,248,221,7,11,6.73,0.64
2009.0,Yuvraj Singh,142,121,6,9,7.04,0.67
2009.0,Z Khan,144,132,7,6,6.55,1.17
2010.0,A Kumble,422,389,19,16,6.51,1.19
2010.0,A Mishra,371,329,20,14,6.77,1.43
2010.0,A Mithun,39,20,1,1,11.7,1.0
2010.0,A Nehra,102,85,6,4,7.2,1.5
2010.0,A Symonds,385,325,13,16,7.11,0.81
2010.0,A Uniyal,67,38,3,2,10.58,1.5
2010.0,AA Jhunjhunwala,69,39,0,5,10.62,0.0
2010.0,AB Agarkar,207,136,4,7,9.13,0.57
2010.0,AB Dinda,155,144,12,7,6.46,1.71
2010.0,AB McDonald,138,85,8,4,9.74,2.0
2010.0,AC Voges,76,56,1,7,8.14,0.14
2010.0,AD Mascarenhas,66,48,4,2,8.25,2.0
2010.0,AD Mathews,317,230,8,12,8.27,0.67
2010.0,AG Murtaza,93,73,4,3,7.64,1.33
2010.0,AJ Finch,5,7,0,1,4.29,0.0
2010.0,AN Ahmed,26,14,0,1,11.14,0.0
2010.0,AP Dole,114,73,5,3,9.37,1.67
2010.0,B Akhil,6,6,0,1,6.0,0.0
2010.0,B Lee,154,91,0,4,10.15,0.0
2010.0,BAW Mendis,68,50,2,2,8.16,1.0
2010.0,BJ Hodge,41,30,2,4,8.2,0.5
2010.0,Bipul Sharma,94,60,4,4,9.4,1.0
2010.0,C Ganapathy,13,6,0,1,13.0,0.0
2010.0,CH Gayle,153,102,4,6,9.0,0.67
2010.0,CK Langeveldt,92,70,5,3,7.89,1.67
2010.0,CL White,19,7,0,1,16.29,0.0
2010.0,CRD Fernando,142,121,7,5,7.04,1.4
2010.0,DE Bollinger,213,193,13,8,6.62,1.62
2010.0,DJ Bravo,231,162,5,10,8.56,0.5
2010.0,DJ Hussey,81,60,0,5,8.1,0.0
2010.0,DL Vettori,98,72,3,3,8.17,1.0
2010.0,DP Nannes,235,218,11,9,6.47,1.22
2010.0,DR Smith,36,23,1,2,9.39,0.5
2010.0,DS Kulkarni,40,25,1,1,9.6,1.0
2010.0,DW Steyn,415,382,17,15,6.52,1.13
2010.0,FY Fazal,20,12,1,2,10.0,0.5
2010.0,Harbhajan Singh,385,334,20,14,6.92,1.43
2010.0,Harmeet Singh,177,151,10,8,7.03,1.25
2010.0,I Sharma,242,160,7,7,9.07,1.0
2010.0,IK Pathan,435,290,17,14,9.0,1.21
2010.0,Iqbal Abdulla,62,51,2,3,7.29,0.67
2010.0,J Theron,204,158,9,7,7.75,1.29
2010.0,JA Morkel,410,295,14,14,8.34,1.0
2010.0,JD Unadkat,85,62,4,3,8.23,1.33
2010.0,JH Kallis,484,350,15,16,8.3,0.94
2010.0,JM Kemp,58,47,3,5,7.4,0.6
2010.0,JP Duminy,37,33,1,2,6.73,0.5
2010.0,Jaskaran Singh,142,92,6,6,9.26,1.0
2010.0,Joginder Sharma,89,51,2,3,10.47,0.67
2010.0,K Goel,7,6,0,1,7.0,0.0
2010.0,KA Pollard,276,233,17,12,7.11,1.42
2010.0,KAJ Roach,80,52,0,2,9.23,0.0
2010.0,KP Appanna,51,43,3,2,7.12,1.5
2010.0,KP Pietersen,77,60,3,6,7.7,0.5
2010.0,Kamran Khan,53,38,4,3,8.37,1.33
2010.0,L Ablish,37,27,5,2,8.22,2.5
2010.0,L Balaji,214,147,10,7,8.73,1.43
2010.0,LR Shukla,108,72,3,4,9.0,0.75
2010.0,M Kartik,261,238,10,10,6.58,1.0
2010.0,M Morkel,66,46,0,2,8.61,0.0
2010.0,M Muralitharan,356,306,16,12,6.98,1.33
2010.0,MB Parmar,33,19,0,1,10.42,0.0
2010.0,MC Henriques,35,24,1,1,8.75,1.0
2010.0,MF Maharoof,210,149,10,7,8.46,1.43
2010.0,MK Tiwary,11,7,1,1,9.43,1.0
2010.0,MM Patel,118,78,5,4,9.08,1.25
2010.0,MR Marsh,89,64,2,3,8.34,0.67
2010.0,MS Gony,92,51,1,3,10.82,0.33
2010.0,ND Doshi,17,25,1,1,4.08,1.0
2010.0,NLTC Perera,19,6,0,1,19.0,0.0
2010.0,P Kumar,392,288,12,12,8.17,1.0
2010.0,PD Collingwood,101,90,5,6,6.73,0.83
2010.0,PJ Sangwan,260,199,9,8,7.84,1.12
2010.0,PP Chawla,371,296,13,14,7.52,0.93
2010.0,PP Ojha,439,360,22,16,7.32,1.38
2010.0,Pankaj Singh,83,51,2,2,9.76,1.0
2010.0,R Ashwin,308,297,14,12,6.22,1.17
2010.0,R Bhatia,136,98,3,5,8.33,0.6
2010.0,R McLaren,281,215,5,10,7.84,0.5
2010.0,R Sathish,81,51,3,4,9.53,0.75
2010.0,R Sharma,170,126,6,6,8.1,1.0
2010.0,R Vinay Kumar,404,284,19,14,8.54,1.36
2010.0,RE van der Merwe,27,27,2,1,6.0,2.0
2010.0,RG Sharma,159,119,2,9,8.02,0.22
2010.0,RJ Harris,239,195,15,8,7.35,1.88
2010.0,RP Singh,385,266,14,12,8.68,1.17
2010.0,RR Powar,163,144,4,7,6.79,0.57
2010.0,RS Bopara,132,82,5,5,9.66,1.0
2010.0,RS Gavaskar,8,6,0,1,8.0,0.0
2010.0,S Ladda,144,92,4,5,9.39,0.8
2010.0,S Narwal,186,99,6,5,11.27,1.2
2010.0,S Sreesanth,191,128,5,6,8.95,0.83
2010.0,S Sriram,24,12,0,1,12.0,0.0
2010.0,S Tyagi,161,102,1,6,9.47,0.17
2010.0,SB Jakati,300,232,15,11,7.76,1.36
2010.0,SB Wagh,16,6,1,1,16.0,1.0
2010.0,SC Ganguly,43,25,0,3,10.32,0.0
2010.0,SE Bond,225,191,9,8,7.07,1.12
2010.0,SJ Srivastava,257,178,6,8,8.66,0.75
2010.0,SK Raina,181,147,7,12,7.39,0.58
2010.0,SK Trivedi,266,218,13,10,7.32,1.3
2010.0,SK Warne,389,305,12,14,7.65,0.86
2010.0,SL Malinga,360,310,17,13,6.97,1.31
2010.0,SR Watson,185,139,7,6,7.99,1.17
2010.0,ST Jayasuriya,68,55,3,4,7.42,0.75
2010.0,STR Binny,9,6,0,1,9.0,0.0
2010.0,SW Tait,274,205,12,8,8.02,1.5
2010.0,T Thushara,103,94,7,4,6.57,1.75
2010.0,TL Suman,24,13,0,2,11.08,0.0
2010.0,TM Dilshan,70,49,3,4,8.57,0.75
2010.0,UT Yadav,192,152,8,7,7.58,1.14
2010.0,V Kohli,51,33,0,4,9.27,0.0
2010.0,V Sehwag,23,34,3,3,4.06,1.0
2010.0,VRV Singh,41,21,0,1,11.71,0.0
2010.0,VS Malik,66,46,1,3,8.61,0.33
2010.0,VY Mahesh,23,19,1,1,7.26,1.0
2010.0,WPUJC Vaas,147,133,11,6,6.63,1.83
2010.0,Y Nagar,28,18,1,1,9.33,1.0
2010.0,Y Venugopal Rao,10,6,0,1,10.0,0.0
2010.0,YA Abdulla,67,42,1,2,9.57,0.5
2010.0,YK Pathan,254,214,6,11,7.12,0.55
2010.0,Yuvraj Singh,155,139,6,10,6.69,0.6
2010.0,Z Khan,388,295,18,14,7.89,1.29
2011.0,A Mishra,369,324,19,14,6.83,1.36
2011.0,A Mithun,325,221,6,12,8.82,0.5
2011.0,A Singh,222,175,10,9,7.61,1.11
2011.0,A Symonds,41,24,1,3,10.25,0.33
2011.0,AA Chavan,31,30,0,2,6.2,0.0
2011.0,AA Jhunjhunwala,22,13,0,2,10.15,0.0
2011.0,AA Kazi,21,13,1,1,9.69,1.0
2011.0,AB Agarkar,236,164,9,7,8.63,1.29
2011.0,AB Dinda,159,107,5,5,8.92,1.0
2011.0,AB McDonald,23,12,0,1,11.5,0.0
2011.0,AC Thomas,283,222,11,10,7.65,1.1
2011.0,AG Murtaza,122,122,5,5,6.0,1.0
2011.0,AJ Finch,13,13,0,1,6.0,0.0
2011.0,AL Menaria,121,93,2,9,7.81,0.22
2011.0,AM Nayar,95,63,2,6,9.05,0.33
2011.0,AM Salvi,67,50,3,2,8.04,1.5
2011.0,AN Ahmed,178,128,7,6,8.34,1.17
2011.0,AS Raut,8,6,0,1,8.0,0.0
2011.0,AUK Pathan,49,35,0,2,8.4,0.0
2011.0,Anand Rajan,50,35,5,2,8.57,2.5
2011.0,B Akhil,22,13,0,1,10.15,0.0
2011.0,B Chipli,20,6,0,1,20.0,0.0
2011.0,B Kumar,68,67,3,4,6.09,0.75
2011.0,B Lee,349,284,8,12,7.37,0.67
2011.0,BA Bhatt,233,172,9,8,8.13,1.12
2011.0,BJ Hodge,77,67,8,4,6.9,2.0
2011.0,Bipul Sharma,80,78,5,4,6.15,1.25
2011.0,CH Gayle,262,225,9,12,6.99,0.75
2011.0,CK Langeveldt,92,70,5,3,7.89,1.67
2011.0,DB Ravi Teja,9,6,0,1,9.0,0.0
2011.0,DE Bollinger,343,294,20,13,7.0,1.54
2011.0,DJ Bravo,159,129,6,6,7.4,1.0
2011.0,DJ Hussey,38,18,1,2,12.67,0.5
2011.0,DL Vettori,315,312,13,13,6.06,1.0
2011.0,DP Nannes,31,25,2,2,7.44,1.0
2011.0,DS Kulkarni,156,126,6,6,7.43,1.0
2011.0,DT Christian,357,291,11,14,7.36,0.79
2011.0,DW Steyn,304,286,14,12,6.38,1.17
2011.0,Harbhajan Singh,373,328,16,15,6.82,1.07
2011.0,Harmeet Singh,53,44,3,2,7.23,1.5
2011.0,I Malhotra,23,6,0,1,23.0,0.0
2011.0,I Sharma,324,275,11,12,7.07,0.92
2011.0,IK Pathan,353,288,13,13,7.35,1.0
2011.0,Iqbal Abdulla,313,305,18,15,6.16,1.2
2011.0,J Botha,242,219,7,10,6.63,0.7
2011.0,J Syed Mohammad,128,91,5,5,8.44,1.0
2011.0,JA Morkel,390,280,16,14,8.36,1.14
2011.0,JD Ryder,119,94,5,7,7.6,0.71
2011.0,JD Unadkat,151,111,6,6,8.16,1.0
2011.0,JDP Oram,46,24,1,2,11.5,0.5
2011.0,JE Taylor,167,122,6,5,8.21,1.2
2011.0,JEC Franklin,99,63,3,6,9.43,0.5
2011.0,JH Kallis,170,150,9,9,6.8,1.0
2011.0,JJ van der Wath,134,76,3,3,10.58,1.0
2011.0,JP Duminy,149,111,4,8,8.05,0.5
2011.0,JR Hopes,277,198,7,9,8.39,0.78
2011.0,Joginder Sharma,34,20,0,1,10.2,0.0
2011.0,KA Pollard,367,270,13,16,8.16,0.81
2011.0,KMDN Kulasekara,26,19,1,1,8.21,1.0
2011.0,Kamran Khan,47,18,0,1,15.67,0.0
2011.0,L Ablish,39,18,0,1,13.0,0.0
2011.0,L Balaji,383,282,13,14,8.15,0.93
2011.0,LRPL Taylor,11,6,0,1,11.0,0.0
2011.0,M Kartik,170,130,2,6,7.85,0.33
2011.0,M Manhas,42,42,0,3,6.0,0.0
2011.0,M Morkel,336,274,14,11,7.36,1.27
2011.0,M Muralitharan,145,117,2,5,7.44,0.4
2011.0,MK Tiwary,23,13,0,2,10.62,0.0
2011.0,MM Patel,377,329,22,15,6.88,1.47
2011.0,MR Marsh,91,73,6,4,7.48,1.5
2011.0,MS Gony,86,55,4,3,9.38,1.33
2011.0,ND Doshi,62,32,1,3,11.62,0.33
2011.0,NJ Rimmington,20,18,0,1,6.67,0.0
2011.0,NL McCullum,35,30,0,2,7.0,0.0
2011.0,NLTC Perera,114,86,5,4,7.95,1.25
2011.0,P Kumar,353,283,10,13,7.48,0.77
2011.0,P Parameswaran,137,97,4,5,8.47,0.8
2011.0,P Prasanth,18,6,0,1,18.0,0.0
2011.0,PC Valthaty,191,147,7,9,7.8,0.78
2011.0,PP Chawla,340,253,16,12,8.06,1.33
2011.0,PP Ojha,281,224,12,10,7.53,1.2
2011.0,Pankaj Singh,24,12,0,1,12.0,0.0
2011.0,R Ashwin,398,385,21,16,6.2,1.31
2011.0,R Bhatia,213,194,10,12,6.59,0.83
2011.0,R McLaren,182,111,5,6,9.84,0.83
2011.0,R Ninan,65,36,3,2,10.83,1.5
2011.0,R Sathish,41,31,0,4,7.94,0.0
2011.0,R Sharma,274,296,17,13,5.55,1.31
2011.0,R Vinay Kumar,345,278,17,13,7.45,1.31
2011.0,RA Jadeja,307,261,9,14,7.06,0.64
2011.0,RE van der Merwe,94,91,6,4,6.2,1.5
2011.0,RG Sharma,53,25,0,3,12.72,0.0
2011.0,RJ Harris,401,295,17,13,8.16,1.31
2011.0,RN ten Doeschate,7,7,0,1,6.0,0.0
2011.0,RP Singh,365,314,15,14,6.97,1.07
2011.0,RR Powar,112,72,2,5,9.33,0.4
2011.0,RV Gomez,125,91,5,8,8.24,0.62
2011.0,RW Price,33,18,0,1,11.0,0.0
2011.0,S Aravind,377,288,22,13,7.85,1.69
2011.0,S Dhawan,12,12,1,2,6.0,0.5
2011.0,S Ladda,42,25,0,2,10.08,0.0
2011.0,S Nadeem,145,115,4,5,7.57,0.8
2011.0,S Rana,2,4,0,1,3.0,0.0
2011.0,S Randiv,223,180,8,8,7.43,1.0
2011.0,S Sreesanth,212,206,7,9,6.17,0.78
2011.0,S Sriram,25,6,0,1,25.0,0.0
2011.0,SB Jakati,338,269,10,14,7.54,0.71
2011.0,SB Styris,13,6,0,1,13.0,0.0
2011.0,SB Wagh,131,102,4,7,7.71,0.57
2011.0,SJ Srivastava,187,128,9,6,8.77,1.5
2011.0,SK Raina,209,173,5,12,7.25,0.42
2011.0,SK Trivedi,307,224,13,12,8.22,1.08
2011.0,SK Warne,298,286,14,12,6.25,1.17
2011.0,SL Malinga,393,397,30,16,5.94,1.88
2011.0,SR Watson,248,226,8,10,6.58,0.8
2011.0,STR Binny,44,25,0,3,10.56,0.0
2011.0,SW Tait,137,102,6,4,8.06,1.5
2011.0,Shakib Al Hasan,177,158,11,7,6.72,1.57
2011.0,TG Southee,167,119,4,5,8.42,0.8
2011.0,TL Suman,50,36,0,3,8.33,0.0
2011.0,TM Dilshan,108,74,1,6,8.76,0.17
2011.0,UT Yadav,172,113,3,6,9.13,0.5
2011.0,V Kohli,140,106,2,10,7.92,0.2
2011.0,VR Aaron,83,77,2,3,6.47,0.67
2011.0,VS Malik,14,12,0,1,7.0,0.0
2011.0,WD Parnell,222,184,10,8,7.24,1.25
2011.0,Y Gnaneswara Rao,7,6,0,1,7.0,0.0
2011.0,Y Nagar,67,34,1,5,11.82,0.2
2011.0,Y Venugopal Rao,26,12,0,2,13.0,0.0
2011.0,YK Pathan,244,241,13,14,6.07,0.93
2011.0,Yuvraj Singh,185,168,9,12,6.61,0.75
2011.0,Z Khan,465,373,15,15,7.48,1.0
2012.0,A Ashish Reddy,238,169,11,9,8.45,1.22
2012.0,A Chandila,87,84,5,4,6.21,1.25
2012.0,A Mishra,381,289,13,14,7.91,0.93
2012.0,A Mithun,34,19,0,1,10.74,0.0
2012.0,A Nehra,411,291,12,13,8.47,0.92
2012.0,A Singh,317,204,12,9,9.32,1.33
2012.0,AA Chavan,245,169,7,8,8.7,0.88
2012.0,AA Jhunjhunwala,39,36,1,3,6.5,0.33
2012.0,AB Agarkar,134,90,4,4,8.93,1.0
2012.0,AB Dinda,171,154,10,7,6.66,1.43
2012.0,AB McDonald,63,61,5,3,6.2,1.67
2012.0,AC Thomas,116,87,5,4,8.0,1.25
2012.0,AD Mascarenhas,110,97,7,4,6.8,1.75
2012.0,AD Mathews,195,158,7,9,7.41,0.78
2012.0,AD Russell,162,98,1,4,9.92,0.25
2012.0,AG Murtaza,11,12,0,1,5.5,0.0
2012.0,AL Menaria,23,20,1,3,6.9,0.33
2012.0,AM Nayar,16,6,0,1,16.0,0.0
2012.0,AN Ahmed,17,13,0,1,7.85,0.0
2012.0,AUK Pathan,14,6,0,1,14.0,0.0
2012.0,Anand Rajan,113,76,3,4,8.92,0.75
2012.0,Ankit Sharma,167,147,4,9,6.82,0.44
2012.0,Azhar Mahmood,331,265,14,11,7.49,1.27
2012.0,B Kumar,293,240,9,11,7.33,0.82
2012.0,B Lee,303,234,7,10,7.77,0.7
2012.0,BA Bhatt,143,100,3,5,8.58,0.6
2012.0,BJ Hodge,22,12,1,2,11.0,0.5
2012.0,BW Hilfenhaus,242,215,14,9,6.75,1.56
2012.0,Bipul Sharma,82,48,0,3,10.25,0.0
2012.0,CH Gayle,67,30,0,3,13.4,0.0
2012.0,CJ McKay,60,42,1,2,8.57,0.5
2012.0,CL White,27,20,0,2,8.1,0.0
2012.0,DAJ Bracewell,32,25,3,1,7.68,3.0
2012.0,DE Bollinger,160,113,10,6,8.5,1.67
2012.0,DJ Bravo,472,363,20,18,7.8,1.11
2012.0,DJ Harris,26,18,0,2,8.67,0.0
2012.0,DJ Hussey,67,55,3,6,7.31,0.5
2012.0,DL Vettori,241,212,6,9,6.82,0.67
2012.0,DR Smith,98,79,3,6,7.44,0.5
2012.0,DS Kulkarni,64,53,6,2,7.25,3.0
2012.0,DT Christian,240,169,9,7,8.52,1.29
2012.0,DW Steyn,290,289,18,12,6.02,1.5
2012.0,F du Plessis,16,6,0,1,16.0,0.0
2012.0,GB Hogg,262,220,10,9,7.15,1.11
2012.0,GJ Maxwell,22,19,2,2,6.95,1.0
2012.0,HV Patel,352,249,9,11,8.48,0.82
2012.0,Harbhajan Singh,389,335,6,16,6.97,0.38
2012.0,Harmeet Singh,196,141,7,7,8.34,1.0
2012.0,IK Pathan,477,366,10,17,7.82,0.59
2012.0,Iqbal Abdulla,147,134,4,8,6.58,0.5
2012.0,J Botha,304,251,9,11,7.27,0.82
2012.0,J Syed Mohammad,66,43,1,2,9.21,0.5
2012.0,J Theron,66,51,3,2,7.76,1.5
2012.0,JA Morkel,392,315,13,15,7.47,0.87
2012.0,JD Ryder,74,43,1,4,10.33,0.25
2012.0,JD Unadkat,32,18,0,1,10.67,0.0
2012.0,JEC Franklin,126,92,6,9,8.22,0.67
2012.0,JH Kallis,410,336,16,16,7.32,1.0
2012.0,JP Duminy,104,78,1,6,8.0,0.17
2012.0,JP Faulkner,74,49,3,2,9.06,1.5
2012.0,K Upadhyay,33,24,0,1,8.25,0.0
2012.0,KA Pollard,352,286,18,14,7.38,1.29
2012.0,KK Cooper,187,149,10,6,7.53,1.67
2012.0,KMDN Kulasekara,96,88,5,4,6.55,1.25
2012.0,KP Appanna,149,107,6,6,8.36,1.0
2012.0,KP Pietersen,53,40,1,3,7.95,0.33
2012.0,L Balaji,169,189,12,8,5.37,1.5
2012.0,LJ Wright,24,12,0,1,12.0,0.0
2012.0,LR Shukla,12,12,1,2,6.0,0.5
2012.0,M Kartik,267,225,4,11,7.12,0.36
2012.0,M Morkel,466,389,30,16,7.19,1.88
2012.0,M Muralitharan,264,245,15,10,6.47,1.5
2012.0,M de Lange,108,64,3,3,10.12,1.0
2012.0,MJ Clarke,72,66,3,5,6.55,0.6
2012.0,MM Patel,374,288,17,12,7.79,1.42
2012.0,MN Samuels,217,176,9,8,7.4,1.12
2012.0,MS Gony,217,151,4,6,8.62,0.67
2012.0,NLTC Perera,27,15,0,2,10.8,0.0
2012.0,P Awana,382,296,18,12,7.74,1.5
2012.0,P Kumar,445,395,12,16,6.76,0.75
2012.0,P Negi,153,133,7,6,6.9,1.17
2012.0,P Parameswaran,89,62,5,3,8.61,1.67
2012.0,PC Valthaty,16,6,0,1,16.0,0.0
2012.0,PJ Sangwan,42,25,1,1,10.08,1.0
2012.0,PP Chawla,425,346,18,16,7.37,1.12
2012.0,PP Ojha,222,186,10,9,7.16,1.11
2012.0,Pankaj Singh,171,127,7,6,8.08,1.17
2012.0,R Ashwin,439,402,19,18,6.55,1.06
2012.0,R Bhatia,400,323,17,16,7.43,1.06
2012.0,R Sharma,305,224,9,11,8.17,0.82
2012.0,R Shukla,32,19,0,1,10.11,0.0
2012.0,R Vinay Kumar,488,346,21,14,8.46,1.5
2012.0,RA Jadeja,278,216,12,14,7.72,0.86
2012.0,RE van der Merwe,60,61,4,3,5.9,1.33
2012.0,RG Sharma,16,6,0,1,16.0,0.0
2012.0,RJ Harris,136,109,8,5,7.49,1.6
2012.0,RJ Peterson,70,48,3,4,8.75,0.75
2012.0,RN ten Doeschate,24,21,1,1,6.86,1.0
2012.0,RP Singh,328,260,11,11,7.57,1.0
2012.0,RR Bhatkal,35,12,0,1,17.5,0.0
2012.0,RR Powar,32,18,0,1,10.67,0.0
2012.0,S Aravind,48,18,0,1,16.0,0.0
2012.0,S Dhawan,60,37,3,4,9.73,0.75
2012.0,S Nadeem,320,275,8,12,6.98,0.67
2012.0,SB Jakati,337,248,10,15,8.15,0.67
2012.0,SC Ganguly,97,61,3,4,9.54,0.75
2012.0,SK Raina,106,85,2,7,7.48,0.29
2012.0,SK Trivedi,387,324,14,14,7.17,1.0
2012.0,SL Malinga,355,351,25,14,6.07,1.79
2012.0,SP Narine,332,357,29,15,5.58,1.93
2012.0,SPD Smith,5,2,0,1,15.0,0.0
2012.0,SR Watson,165,144,6,7,6.88,0.86
2012.0,STR Binny,78,60,3,6,7.8,0.5
2012.0,SW Tait,154,157,7,6,5.89,1.17
2012.0,Shakib Al Hasan,203,185,12,8,6.58,1.5
2012.0,Sunny Gupta,47,19,0,1,14.84,0.0
2012.0,TM Dilshan,78,44,0,5,10.64,0.0
2012.0,TP Sudhindra,137,74,1,3,11.11,0.33
2012.0,UT Yadav,459,383,22,17,7.19,1.29
2012.0,V Kohli,49,18,0,2,16.33,0.0
2012.0,V Pratap Singh,300,211,12,9,8.53,1.33
2012.0,V Sehwag,45,24,0,3,11.25,0.0
2012.0,VR Aaron,279,192,9,8,8.72,1.12
2012.0,VY Mahesh,83,61,3,4,8.16,0.75
2012.0,WD Parnell,133,130,7,6,6.14,1.17
2012.0,Y Nagar,10,7,0,1,8.57,0.0
2012.0,Y Venugopal Rao,26,12,0,2,13.0,0.0
2012.0,YK Pathan,184,137,4,12,8.06,0.33
2012.0,Z Khan,468,370,21,15,7.59,1.4
2013.0,A Ashish Reddy,71,41,3,5,10.39,0.6
2013.0,A Chandila,158,150,6,8,6.32,0.75
2013.0,A Mishra,395,376,24,17,6.3,1.41
2013.0,A Mithun,37,25,1,1,8.88,1.0
2013.0,A Nehra,319,221,13,10,8.66,1.3
2013.0,AA Chavan,63,56,1,3,6.75,0.33
2013.0,AB Agarkar,93,63,0,4,8.86,0.0
2013.0,AB Dinda,466,304,18,13,9.2,1.38
2013.0,AB McDonald,17,12,1,1,8.5,1.0
2013.0,AC Gilchrist,0,1,1,1,0.0,1.0
2013.0,AD Mascarenhas,25,24,0,1,6.25,0.0
2013.0,AD Mathews,245,188,6,10,7.82,0.6
2013.0,AD Russell,68,44,0,3,9.27,0.0
2013.0,AG Murtaza,96,62,3,3,9.29,1.0
2013.0,AJ Finch,49,24,1,3,12.25,0.33
2013.0,AM Nayar,59,50,2,3,7.08,0.67
2013.0,AN Ahmed,45,42,3,2,6.43,1.5
2013.0,AS Rajpoot,37,25,1,2,8.88,0.5
2013.0,Anand Rajan,43,51,2,2,5.06,1.0
2013.0,Ankit Sharma,17,12,0,1,8.5,0.0
2013.0,Azhar Mahmood,335,267,16,11,7.53,1.45
2013.0,B Kumar,381,359,13,16,6.37,0.81
2013.0,B Laughlin,72,45,1,2,9.6,0.5
2013.0,B Lee,89,75,4,3,7.12,1.33
2013.0,BA Bhatt,32,31,1,2,6.19,0.5
2013.0,BAW Mendis,78,72,2,3,6.5,0.67
2013.0,BJ Hodge,3,6,0,1,3.0,0.0
2013.0,BJ Rohrer,12,7,0,1,10.29,0.0
2013.0,BMAJ Mendis,36,30,1,2,7.2,0.5
2013.0,Bipul Sharma,21,24,1,1,5.25,1.0
2013.0,CH Gayle,41,25,3,4,9.84,0.75
2013.0,CH Morris,410,309,17,16,7.96,1.06
2013.0,CL White,16,12,1,2,8.0,0.5
2013.0,DJ Bravo,505,392,34,18,7.73,1.89
2013.0,DJ Hussey,93,68,0,4,8.21,0.0
2013.0,DJG Sammy,169,138,11,9,7.35,1.22
2013.0,DP Nannes,165,126,5,5,7.86,1.0
2013.0,DR Smith,59,32,2,3,11.06,0.67
2013.0,DS Kulkarni,153,119,8,6,7.71,1.33
2013.0,DT Christian,56,38,0,2,8.84,0.0
2013.0,DW Steyn,410,425,20,17,5.79,1.18
2013.0,GB Hogg,31,21,0,1,8.86,0.0
2013.0,GH Vihari,39,37,1,5,6.32,0.2
2013.0,GJ Maxwell,24,12,0,2,12.0,0.0
2013.0,Harbhajan Singh,466,430,25,19,6.5,1.32
2013.0,Harmeet Singh,123,96,7,4,7.69,1.75
2013.0,I Sharma,471,374,16,16,7.56,1.0
2013.0,IC Pandey,50,25,1,2,12.0,0.5
2013.0,IK Pathan,391,315,11,15,7.45,0.73
2013.0,Iqbal Abdulla,142,113,7,5,7.54,1.4
2013.0,J Botha,114,102,5,6,6.71,0.83
2013.0,J Syed Mohammad,92,62,4,4,8.9,1.0
2013.0,JA Morkel,167,149,8,7,6.72,1.14
2013.0,JD Unadkat,373,299,13,13,7.48,1.0
2013.0,JDP Oram,28,26,0,1,6.46,0.0
2013.0,JH Kallis,407,329,19,15,7.42,1.27
2013.0,JJ Bumrah,74,45,3,2,9.87,1.5
2013.0,JO Holder,173,125,4,6,8.3,0.67
2013.0,JP Faulkner,436,395,33,16,6.62,2.06
2013.0,K Upadhyay,48,32,0,2,9.0,0.0
2013.0,KA Pollard,292,197,10,14,8.89,0.71
2013.0,KK Cooper,456,341,22,14,8.02,1.57
2013.0,KV Sharma,235,211,12,13,6.68,0.92
2013.0,KW Richardson,103,73,2,3,8.47,0.67
2013.0,L Balaji,399,311,13,13,7.7,1.0
2013.0,LJ Wright,101,63,2,5,9.62,0.4
2013.0,LR Shukla,22,18,1,2,7.33,0.5
2013.0,M Kartik,290,241,11,11,7.22,1.0
2013.0,M Morkel,341,247,8,10,8.28,0.8
2013.0,M Muralitharan,192,141,3,6,8.17,0.5
2013.0,MC Henriques,187,132,8,8,8.5,1.0
2013.0,MG Johnson,471,403,24,17,7.01,1.41
2013.0,MG Neser,62,25,0,1,14.88,0.0
2013.0,MM Patel,138,91,3,4,9.1,0.75
2013.0,MM Sharma,327,311,21,15,6.31,1.4
2013.0,MN Samuels,34,25,1,1,8.16,1.0
2013.0,MR Marsh,184,122,7,7,9.05,1.0
2013.0,MS Gony,261,175,7,8,8.95,0.88
2013.0,Mohammed Shami,79,57,1,3,8.32,0.33
2013.0,NLTC Perera,490,369,21,16,7.97,1.31
2013.0,NM Coulter-Nile,29,25,1,1,6.96,1.0
2013.0,P Awana,416,332,16,14,7.52,1.14
2013.0,P Kumar,394,354,13,15,6.68,0.87
2013.0,P Negi,28,26,0,1,6.46,0.0
2013.0,P Suyal,22,19,1,1,6.95,1.0
2013.0,PJ Sangwan,52,26,0,2,12.0,0.0
2013.0,PP Chawla,433,352,11,16,7.38,0.69
2013.0,PP Ojha,391,318,18,15,7.38,1.2
2013.0,PV Tambe,91,69,1,3,7.91,0.33
2013.0,Parvez Rasool,29,30,1,2,5.8,0.5
2013.0,R Ashwin,397,354,16,18,6.73,0.89
2013.0,R Bhatia,334,266,11,15,7.53,0.73
2013.0,R Dhawan,115,95,2,5,7.26,0.4
2013.0,R McLaren,95,46,4,2,12.39,2.0
2013.0,R Rampaul,282,241,15,10,7.02,1.5
2013.0,R Sathish,52,24,1,3,13.0,0.33
2013.0,R Sharma,282,247,9,11,6.85,0.82
2013.0,R Shukla,80,53,4,3,9.06,1.33
2013.0,R Vinay Kumar,522,377,27,16,8.31,1.69
2013.0,RA Jadeja,326,262,15,15,7.47,1.0
2013.0,RE van der Merwe,71,67,4,3,6.36,1.33
2013.0,RG Sharma,6,9,0,2,4.0,0.0
2013.0,RJ Harris,74,74,1,3,6.0,0.33
2013.0,RN ten Doeschate,24,18,0,3,8.0,0.0
2013.0,RP Singh,336,251,14,11,8.03,1.27
2013.0,RV Gomez,5,6,1,1,5.0,1.0
2013.0,S Badree,35,25,0,1,8.4,0.0
2013.0,S Kaul,172,133,5,6,7.76,0.83
2013.0,S Ladda,18,12,1,1,9.0,1.0
2013.0,S Nadeem,264,267,9,12,5.93,0.75
2013.0,S Narwal,17,14,0,1,7.29,0.0
2013.0,S Sreesanth,171,136,6,7,7.54,0.86
2013.0,SK Raina,23,12,1,2,11.5,0.5
2013.0,SK Trivedi,425,368,12,17,6.93,0.71
2013.0,SL Malinga,484,402,23,17,7.22,1.35
2013.0,SMSM Senanayake,211,195,9,8,6.49,1.12
2013.0,SP Narine,353,387,26,16,5.47,1.62
2013.0,SR Watson,319,256,16,13,7.48,1.23
2013.0,STR Binny,163,149,7,14,6.56,0.5
2013.0,SW Tait,103,70,1,3,8.83,0.33
2013.0,Sandeep Sharma,130,98,8,4,7.96,2.0
2013.0,TL Suman,16,12,1,1,8.0,1.0
2013.0,TM Dilshan,10,6,0,1,10.0,0.0
2013.0,UT Yadav,533,369,20,16,8.67,1.25
2013.0,V Sehwag,9,6,0,1,9.0,0.0
2013.0,VS Malik,59,61,2,3,5.8,0.67
2013.0,WD Parnell,141,97,7,4,8.72,1.75
2013.0,YK Pathan,74,55,1,5,8.07,0.2
2013.0,YS Chahal,35,24,0,1,8.75,0.0
2013.0,Yuvraj Singh,152,133,6,10,6.86,0.6
2013.0,Z Khan,47,38,5,2,7.42,2.5
2014.0,A Mishra,342,230,8,10,8.92,0.8
2014.0,A Nehra,143,93,8,4,9.23,2.0
2014.0,AB Dinda,271,195,5,9,8.34,0.56
2014.0,AD Russell,54,31,2,2,10.45,1.0
2014.0,AN Ahmed,120,89,3,4,8.09,0.75
2014.0,AR Patel,424,403,19,17,6.31,1.12
2014.0,Ankit Sharma,44,48,4,2,5.5,2.0
2014.0,B Kumar,362,327,21,14,6.64,1.5
2014.0,BCJ Cutting,31,24,2,1,7.75,2.0
2014.0,BE Hendricks,127,75,4,3,10.16,1.33
2014.0,BW Hilfenhaus,255,175,9,8,8.74,1.12
2014.0,CJ Anderson,188,114,4,9,9.89,0.44
2014.0,DJ Hussey,38,18,2,1,12.67,2.0
2014.0,DJG Sammy,159,88,3,8,10.84,0.38
2014.0,DR Smith,99,62,4,5,9.58,0.8
2014.0,DS Kulkarni,226,173,6,8,7.84,0.75
2014.0,DW Steyn,441,342,12,14,7.74,0.86
2014.0,GJ Maxwell,133,70,1,7,11.4,0.14
2014.0,HV Patel,118,71,4,3,9.97,1.33
2014.0,Harbhajan Singh,365,336,14,14,6.52,1.0
2014.0,I Sharma,101,68,3,3,8.91,1.0
2014.0,IC Pandey,331,255,7,12,7.79,0.58
2014.0,IK Pathan,209,144,6,10,8.71,0.6
2014.0,Imran Tahir,176,131,11,6,8.06,1.83
2014.0,Iqbal Abdulla,18,12,0,1,9.0,0.0
2014.0,JA Morkel,127,101,4,6,7.54,0.67
2014.0,JD Unadkat,278,189,10,9,8.83,1.11
2014.0,JDS Neesham,96,57,1,4,10.11,0.25
2014.0,JH Kallis,193,134,4,8,8.64,0.5
2014.0,JJ Bumrah,307,246,6,11,7.49,0.55
2014.0,JO Holder,35,20,1,1,10.5,1.0
2014.0,JP Duminy,242,204,3,11,7.12,0.27
2014.0,JP Faulkner,449,278,17,13,9.69,1.31
2014.0,JW Hastings,29,19,1,1,9.16,1.0
2014.0,K Santokie,91,51,3,2,10.71,1.5
2014.0,KA Pollard,265,160,3,12,9.94,0.25
2014.0,KK Cooper,146,110,4,5,7.96,0.8
2014.0,KV Sharma,393,307,17,14,7.68,1.21
2014.0,KW Richardson,209,167,10,7,7.51,1.43
2014.0,Karanveer Singh,164,126,12,5,7.81,2.4
2014.0,L Balaji,305,211,12,9,8.67,1.33
2014.0,LMP Simmons,34,18,1,1,11.33,1.0
2014.0,LR Shukla,88,58,1,5,9.1,0.2
2014.0,M Kartik,91,49,2,2,11.14,1.0
2014.0,M Morkel,376,305,13,12,7.4,1.08
2014.0,M Muralitharan,125,99,4,5,7.58,0.8
2014.0,M Vijay,13,6,0,1,13.0,0.0
2014.0,M de Lange,33,26,2,1,7.62,2.0
2014.0,MA Starc,419,340,17,14,7.39,1.21
2014.0,MC Henriques,96,63,4,4,9.14,1.0
2014.0,MG Johnson,450,340,17,14,7.94,1.21
2014.0,MK Tiwary,28,12,0,1,14.0,0.0
2014.0,MM Sharma,457,324,26,16,8.46,1.62
2014.0,Mohammed Shami,381,281,10,12,8.14,0.83
2014.0,NM Coulter-Nile,27,26,2,1,6.23,2.0
2014.0,P Awana,248,146,9,7,10.19,1.29
2014.0,P Kumar,81,73,4,3,6.66,1.33
2014.0,P Negi,76,43,1,2,10.6,0.5
2014.0,P Suyal,35,21,1,1,10.0,1.0
2014.0,PJ Cummins,29,24,2,1,7.25,2.0
2014.0,PP Chawla,304,238,14,11,7.66,1.27
2014.0,PP Ojha,385,282,5,12,8.19,0.42
2014.0,PV Tambe,365,304,15,13,7.2,1.15
2014.0,Parvez Rasool,83,56,1,3,8.89,0.33
2014.0,R Ashwin,446,379,17,16,7.06,1.06
2014.0,R Bhatia,287,232,13,12,7.42,1.08
2014.0,R Dhawan,373,294,15,13,7.61,1.15
2014.0,R Rampaul,37,37,2,2,6.0,1.0
2014.0,R Sharma,65,36,1,2,10.83,0.5
2014.0,R Shukla,105,58,3,3,10.86,1.0
2014.0,R Tewatia,59,55,3,3,6.44,1.0
2014.0,R Vinay Kumar,294,194,10,9,9.09,1.11
2014.0,RA Jadeja,446,332,20,16,8.06,1.25
2014.0,RG Sharma,26,18,1,2,8.67,0.5
2014.0,RN ten Doeschate,35,30,1,4,7.0,0.25
2014.0,S Badree,103,87,2,4,7.1,0.5
2014.0,S Gopal,113,85,6,4,7.98,1.5
2014.0,S Kaul,136,82,2,5,9.95,0.4
2014.0,S Nadeem,314,235,9,11,8.02,0.82
2014.0,S Rana,16,12,0,2,8.0,0.0
2014.0,SA Yadav,8,6,0,1,8.0,0.0
2014.0,SB Jakati,41,22,0,1,11.18,0.0
2014.0,SK Raina,135,109,1,8,7.43,0.12
2014.0,SL Malinga,267,243,17,10,6.59,1.7
2014.0,SP Narine,432,392,22,16,6.61,1.38
2014.0,SR Watson,169,134,7,9,7.57,0.78
2014.0,STR Binny,65,54,4,8,7.22,0.5
2014.0,Sandeep Sharma,358,255,19,11,8.42,1.73
2014.0,Shakib Al Hasan,339,307,15,13,6.63,1.15
2014.0,Shivam Sharma,121,96,3,4,7.56,0.75
2014.0,TG Southee,78,63,0,3,7.43,0.0
2014.0,UT Yadav,381,283,12,12,8.08,1.0
2014.0,V Shankar,19,6,0,1,19.0,0.0
2014.0,VR Aaron,309,238,16,10,7.79,1.6
2014.0,VS Malik,29,19,1,1,9.16,1.0
2014.0,WD Parnell,235,190,7,8,7.42,0.88
2014.0,Y Venugopal Rao,16,12,0,2,8.0,0.0
2014.0,YK Pathan,10,6,0,1,10.0,0.0
2014.0,YS Chahal,389,333,12,14,7.01,0.86
2014.0,Yuvraj Singh,191,140,6,10,8.19,0.6
2014.0,Z Khan,156,138,6,6,6.78,1.0
2015.0,A Ashish Reddy,51,37,4,4,8.27,1.0
2015.0,A Mishra,312,249,9,12,7.52,0.75
2015.0,A Nehra,453,385,25,16,7.06,1.56
2015.0,AB Dinda,24,14,0,1,10.29,0.0
2015.0,AD Mathews,249,185,7,10,8.08,0.7
2015.0,AD Russell,332,254,14,13,7.84,1.08
2015.0,AN Ahmed,129,76,2,3,10.18,0.67
2015.0,AR Patel,399,289,14,14,8.28,1.0
2015.0,Ankit Sharma,114,86,3,4,7.95,0.75
2015.0,Anureet Singh,477,322,16,14,8.89,1.14
2015.0,Azhar Mahmood,41,20,1,1,12.3,1.0
2015.0,B Kumar,419,323,19,14,7.78,1.36
2015.0,BB Sran,36,20,0,1,10.8,0.0
2015.0,BE Hendricks,112,82,7,4,8.2,1.75
2015.0,Bipul Sharma,50,42,4,3,7.14,1.33
2015.0,CH Morris,336,270,15,11,7.47,1.36
2015.0,CJ Anderson,33,24,1,2,8.25,0.5
2015.0,D Wiese,321,238,17,12,8.09,1.42
2015.0,DJ Bravo,442,324,28,16,8.19,1.75
2015.0,DJ Hooda,131,97,1,7,8.1,0.14
2015.0,DJ Muthuswami,108,84,4,6,7.71,0.67
2015.0,DJG Sammy,26,18,0,2,8.67,0.0
2015.0,DR Smith,17,12,1,1,8.5,1.0
2015.0,DS Kulkarni,250,195,12,10,7.69,1.2
2015.0,DW Steyn,171,116,3,6,8.84,0.5
2015.0,GB Hogg,148,127,10,6,6.99,1.67
2015.0,GJ Maxwell,97,63,2,7,9.24,0.29
2015.0,GS Sandhu,86,48,1,2,10.75,0.5
2015.0,Gurkeerat Singh,66,56,3,3,7.07,1.0
2015.0,HH Pandya,178,107,1,8,9.98,0.12
2015.0,HV Patel,307,248,17,13,7.43,1.31
2015.0,Harbhajan Singh,448,349,19,15,7.7,1.27
2015.0,I Sharma,161,89,1,4,10.85,0.25
2015.0,IC Pandey,228,189,11,10,7.24,1.1
2015.0,Imran Tahir,315,220,15,10,8.59,1.5
2015.0,Iqbal Abdulla,150,121,4,5,7.44,0.8
2015.0,J Botha,82,62,1,4,7.94,0.25
2015.0,J Suchith,338,239,10,12,8.49,0.83
2015.0,J Theron,41,26,1,1,9.46,1.0
2015.0,J Yadav,27,36,2,2,4.5,1.0
2015.0,JA Morkel,113,74,3,4,9.16,0.75
2015.0,JD Unadkat,30,18,0,1,10.0,0.0
2015.0,JJ Bumrah,184,98,3,4,11.27,0.75
2015.0,JP Duminy,128,107,8,9,7.18,0.89
2015.0,JP Faulkner,407,268,9,12,9.11,0.75
2015.0,KA Pollard,121,81,6,8,8.96,0.75
2015.0,KC Cariappa,28,12,1,1,14.0,1.0
2015.0,KV Sharma,338,239,11,14,8.49,0.79
2015.0,Karanveer Singh,159,87,2,4,10.97,0.5
2015.0,M Morkel,212,174,12,7,7.31,1.71
2015.0,M Vijay,28,24,0,2,7.0,0.0
2015.0,M de Lange,30,26,1,1,6.92,1.0
2015.0,MA Starc,271,247,22,11,6.58,2.0
2015.0,MC Henriques,164,157,11,9,6.27,1.22
2015.0,MG Johnson,346,231,11,9,8.99,1.22
2015.0,MJ McClenaghan,395,305,18,12,7.77,1.5
2015.0,MM Sharma,482,350,15,16,8.26,0.94
2015.0,NLTC Perera,55,37,1,2,8.92,0.5
2015.0,NM Coulter-Nile,331,264,16,11,7.52,1.45
2015.0,P Kumar,338,230,7,12,8.82,0.58
2015.0,P Negi,259,183,7,10,8.49,0.7
2015.0,P Suyal,97,67,0,3,8.69,0.0
2015.0,PJ Cummins,103,66,1,3,9.36,0.33
2015.0,PP Chawla,275,212,12,13,7.78,0.92
2015.0,PP Ojha,23,12,0,1,11.5,0.0
2015.0,PV Tambe,228,186,7,9,7.35,0.78
2015.0,Parvez Rasool,31,30,1,2,6.2,0.5
2015.0,R Ashwin,229,240,10,13,5.72,0.77
2015.0,R Bhatia,47,30,0,2,9.4,0.0
2015.0,R Dhawan,111,79,1,5,8.43,0.2
2015.0,R Tewatia,31,18,2,1,10.33,2.0
2015.0,R Vinay Kumar,371,265,9,13,8.4,0.69
2015.0,RA Jadeja,334,258,12,15,7.77,0.8
2015.0,RG More,63,37,1,2,10.22,0.5
2015.0,RN ten Doeschate,4,7,1,1,3.43,1.0
2015.0,RS Bopara,164,123,8,7,8.0,1.14
2015.0,S Aravind,132,110,10,5,7.2,2.0
2015.0,S Gopal,23,13,1,1,10.62,1.0
2015.0,S Nadeem,43,44,0,2,5.86,0.0
2015.0,SA Abbott,57,32,0,2,10.69,0.0
2015.0,SK Raina,94,78,3,5,7.23,0.6
2015.0,SL Malinga,453,378,26,15,7.19,1.73
2015.0,SN Thakur,39,20,1,1,11.7,1.0
2015.0,SP Narine,246,196,7,8,7.53,0.88
2015.0,SR Watson,246,171,7,9,8.63,0.78
2015.0,STR Binny,110,95,6,9,6.95,0.67
2015.0,Sandeep Sharma,359,311,13,14,6.93,0.93
2015.0,Shakib Al Hasan,123,89,5,4,8.29,1.25
2015.0,Shivam Sharma,44,18,1,1,14.67,1.0
2015.0,TA Boult,239,181,10,7,7.92,1.43
2015.0,TG Southee,220,150,6,6,8.8,1.0
2015.0,UT Yadav,387,266,12,12,8.73,1.0
2015.0,V Kohli,10,11,1,2,5.45,0.5
2015.0,VR Aaron,180,113,4,5,9.56,0.8
2015.0,YK Pathan,100,60,2,5,10.0,0.4
2015.0,YS Chahal,390,265,21,13,8.83,1.62
2015.0,Yuvraj Singh,75,55,1,6,8.18,0.17
2015.0,Z Khan,159,154,8,6,6.19,1.33
2016.0,A Ashish Reddy,40,23,1,2,10.43,0.5
2016.0,A Mishra,350,284,14,14,7.39,1.0
2016.0,A Nehra,200,161,11,8,7.45,1.38
2016.0,A Zampa,117,103,12,5,6.82,2.4
2016.0,AB Dinda,236,192,13,9,7.38,1.44
2016.0,AD Russell,301,224,19,12,8.06,1.58
2016.0,AF Milne,44,25,1,1,10.56,1.0
2016.0,AR Patel,395,294,13,14,8.06,0.93
2016.0,AS Rajpoot,101,72,3,4,8.42,0.75
2016.0,Ankit Sharma,84,70,1,3,7.2,0.33
2016.0,Anureet Singh,44,38,1,2,6.95,0.5
2016.0,B Kumar,503,414,24,17,7.29,1.41
2016.0,BB Sran,420,312,14,14,8.08,1.0
2016.0,BCJ Cutting,80,68,5,4,7.06,1.25
2016.0,Bipul Sharma,123,84,5,6,8.79,0.83
2016.0,C Munro,15,12,0,2,7.5,0.0
2016.0,CH Gayle,65,65,2,4,6.0,0.5
2016.0,CH Morris,320,274,16,12,7.01,1.33
2016.0,CJ Jordan,266,181,13,9,8.82,1.44
2016.0,CR Brathwaite,192,143,9,8,8.06,1.12
2016.0,D Wiese,49,27,0,1,10.89,0.0
2016.0,DJ Bravo,502,348,19,15,8.66,1.27
2016.0,DJ Hooda,97,80,3,6,7.28,0.5
2016.0,DL Chahar,42,33,0,2,7.64,0.0
2016.0,DR Smith,154,113,8,8,8.18,1.0
2016.0,DS Kulkarni,365,297,20,14,7.37,1.43
2016.0,DW Steyn,17,13,0,1,7.85,0.0
2016.0,GB Hogg,144,98,5,5,8.82,1.0
2016.0,GJ Maxwell,81,55,0,7,8.84,0.0
2016.0,Gurkeerat Singh,31,26,2,3,7.15,0.67
2016.0,HH Pandya,155,106,3,10,8.77,0.3
2016.0,HV Patel,147,90,2,5,9.8,0.4
2016.0,Harbhajan Singh,402,300,9,14,8.04,0.64
2016.0,I Sharma,151,97,3,4,9.34,0.75
2016.0,IK Pathan,61,48,0,3,7.62,0.0
2016.0,Imran Tahir,141,97,5,4,8.72,1.25
2016.0,Iqbal Abdulla,216,155,7,8,8.36,0.88
2016.0,J Suchith,31,14,0,1,13.29,0.0
2016.0,J Yadav,125,104,2,5,7.21,0.4
2016.0,JA Morkel,66,34,3,2,11.65,1.5
2016.0,JD Unadkat,49,19,0,1,15.47,0.0
2016.0,JJ Bumrah,413,322,18,14,7.7,1.29
2016.0,JO Holder,105,83,3,4,7.59,0.75
2016.0,JP Duminy,55,43,2,5,7.67,0.4
2016.0,JP Faulkner,168,108,2,7,9.33,0.29
2016.0,JW Hastings,37,42,2,2,5.29,1.0
2016.0,KA Pollard,82,37,0,4,13.3,0.0
2016.0,KC Cariappa,160,105,3,5,9.14,0.6
2016.0,KH Pandya,238,194,7,11,7.36,0.64
2016.0,KJ Abbott,182,102,2,5,10.71,0.4
2016.0,KS Williamson,7,6,0,1,7.0,0.0
2016.0,KV Sharma,174,100,1,5,10.44,0.2
2016.0,KW Richardson,138,86,8,4,9.63,2.0
2016.0,Kuldeep Yadav,102,74,7,3,8.27,2.33
2016.0,M Ashwin,245,176,7,10,8.35,0.7
2016.0,M Morkel,299,220,10,10,8.15,1.0
2016.0,M Vijay,8,7,0,1,6.86,0.0
2016.0,MC Henriques,418,318,14,17,7.89,0.82
2016.0,MG Johnson,108,69,3,3,9.39,1.0
2016.0,MJ McClenaghan,449,332,18,14,8.11,1.29
2016.0,MM Sharma,410,304,16,14,8.09,1.14
2016.0,MP Stoinis,203,140,9,7,8.7,1.29
2016.0,MR Marsh,45,55,4,3,4.91,1.33
2016.0,Mohammed Shami,252,156,8,8,9.69,1.0
2016.0,Mustafizur Rahman,427,376,19,16,6.81,1.19
2016.0,N Rana,3,6,0,1,3.0,0.0
2016.0,NLTC Perera,326,202,10,11,9.68,0.91
2016.0,NM Coulter-Nile,120,93,4,4,7.74,1.0
2016.0,P Kumar,408,319,10,16,7.67,0.62
2016.0,P Negi,84,54,2,5,9.33,0.4
2016.0,P Sahu,152,107,3,5,8.52,0.6
2016.0,PJ Sangwan,49,25,0,2,11.76,0.0
2016.0,PP Chawla,273,216,12,11,7.58,1.09
2016.0,PV Tambe,143,97,5,7,8.85,0.71
2016.0,Parvez Rasool,130,84,1,4,9.29,0.25
2016.0,R Ashwin,321,278,11,14,6.93,0.79
2016.0,R Bhatia,249,208,6,10,7.18,0.6
2016.0,R Dhawan,56,45,2,2,7.47,1.0
2016.0,R Sathish,59,38,2,3,9.32,0.67
2016.0,R Vinay Kumar,65,57,4,3,6.84,1.33
2016.0,RA Jadeja,320,247,9,14,7.77,0.64
2016.0,RP Singh,114,76,3,4,9.0,0.75
2016.0,S Aravind,222,182,11,9,7.32,1.22
2016.0,S Gopal,19,18,0,1,6.33,0.0
2016.0,S Kaushik,195,142,6,7,8.24,0.86
2016.0,S Ladda,21,12,0,1,10.5,0.0
2016.0,S Nadeem,127,91,3,4,8.37,0.75
2016.0,SB Jakati,181,123,2,6,8.83,0.33
2016.0,SK Raina,84,61,0,4,8.26,0.0
2016.0,SM Boland,56,43,3,2,7.81,1.5
2016.0,SP Narine,310,262,13,11,7.1,1.18
2016.0,SR Watson,490,360,23,16,8.17,1.44
2016.0,STR Binny,134,104,1,11,7.73,0.09
2016.0,Sachin Baby,8,10,3,2,4.8,1.5
2016.0,Sandeep Sharma,374,309,19,14,7.26,1.36
2016.0,Shakib Al Hasan,247,190,5,9,7.8,0.56
2016.0,Swapnil Singh,29,18,0,1,9.67,0.0
2016.0,T Shamsi,151,96,3,4,9.44,0.75
2016.0,TA Boult,39,26,1,1,9.0,1.0
2016.0,TG Southee,333,268,9,11,7.46,0.82
2016.0,UT Yadav,246,163,12,9,9.06,1.33
2016.0,V Kohli,13,8,0,1,9.75,0.0
2016.0,VR Aaron,229,155,2,8,8.86,0.25
2016.0,YK Pathan,33,38,1,4,5.21,0.25
2016.0,YS Chahal,409,308,22,13,7.97,1.69
2016.0,Yuvraj Singh,52,38,0,5,8.21,0.0
2016.0,Z Khan,341,271,12,12,7.55,1.0
2017.0,A Choudhary,144,108,5,5,8.0,1.0
2017.0,A Mishra,345,237,10,14,8.73,0.71
2017.0,A Nehra,198,132,10,6,9.0,1.67
2017.0,A Zampa,164,122,7,6,8.07,1.17
2017.0,AB Dinda,121,65,2,3,11.17,0.67
2017.0,AD Mathews,57,31,0,2,11.03,0.0
2017.0,AF Milne,141,90,4,4,9.4,1.0
2017.0,AJ Tye,146,128,12,6,6.84,2.0
2017.0,AR Patel,366,294,15,14,7.47,1.07
2017.0,AS Rajpoot,113,87,4,5,7.79,0.8
2017.0,Ankit Sharma,16,6,0,1,16.0,0.0
2017.0,Ankit Soni,145,112,4,6,7.77,0.67
2017.0,Anureet Singh,26,12,0,1,13.0,0.0
2017.0,Avesh Khan,24,24,1,1,6.0,1.0
2017.0,B Kumar,384,324,28,14,7.11,2.0
2017.0,B Stanlake,70,50,2,2,8.4,1.0
2017.0,BA Stokes,327,274,14,12,7.16,1.17
2017.0,BB Sran,29,13,0,1,13.38,0.0
2017.0,BCJ Cutting,123,79,2,4,9.34,0.5
2017.0,Basil Thampi,428,278,15,12,9.24,1.25
2017.0,Bipul Sharma,131,100,3,7,7.86,0.43
2017.0,C de Grandhomme,136,102,4,9,8.0,0.44
2017.0,CH Morris,241,189,14,9,7.65,1.56
2017.0,CJ Anderson,187,121,4,8,9.27,0.5
2017.0,CJ Jordan,10,7,1,1,8.57,1.0
2017.0,CR Brathwaite,67,38,1,2,10.58,0.5
2017.0,CR Woakes,393,278,18,13,8.48,1.38
2017.0,DJ Hooda,42,24,2,3,10.5,0.67
2017.0,DL Chahar,75,44,1,3,10.23,0.33
2017.0,DR Smith,151,82,2,9,11.05,0.22
2017.0,DS Kulkarni,173,118,3,6,8.8,0.5
2017.0,DT Christian,303,249,12,13,7.3,0.92
2017.0,GJ Maxwell,126,115,7,8,6.57,0.88
2017.0,HH Pandya,219,162,6,13,8.11,0.46
2017.0,HV Patel,43,25,3,1,10.32,3.0
2017.0,Harbhajan Singh,269,247,8,11,6.53,0.73
2017.0,I Sharma,190,114,0,6,10.0,0.0
2017.0,IK Pathan,26,12,2,1,13.0,2.0
2017.0,Imran Tahir,370,286,19,12,7.76,1.58
2017.0,Iqbal Abdulla,55,34,2,2,9.71,1.0
2017.0,J Yadav,43,37,0,2,6.97,0.0
2017.0,JD Unadkat,330,279,27,12,7.1,2.25
2017.0,JJ Bumrah,455,373,23,16,7.32,1.44
2017.0,JP Faulkner,279,164,11,8,10.21,1.38
2017.0,K Rabada,198,137,8,6,8.67,1.33
2017.0,KA Pollard,30,12,0,1,15.0,0.0
2017.0,KC Cariappa,127,94,4,4,8.11,1.0
2017.0,KH Pandya,280,246,10,13,6.83,0.77
2017.0,KV Sharma,217,189,13,9,6.89,1.44
2017.0,Kuldeep Yadav,345,250,12,11,8.28,1.09
2017.0,LH Ferguson,96,87,5,4,6.62,1.25
2017.0,MC Henriques,248,148,2,12,10.05,0.17
2017.0,MG Johnson,147,125,9,5,7.06,1.8
2017.0,MJ Henry,71,31,2,2,13.74,1.0
2017.0,MJ McClenaghan,512,345,20,14,8.9,1.43
2017.0,MM Patel,58,42,1,2,8.29,0.5
2017.0,MM Sharma,412,277,13,14,8.92,0.93
2017.0,MN Samuels,34,18,0,2,11.33,0.0
2017.0,MP Stoinis,111,69,2,5,9.65,0.4
2017.0,MS Gony,32,15,0,1,12.8,0.0
2017.0,Mohammad Nabi,59,66,2,3,5.36,0.67
2017.0,Mohammed Shami,248,165,8,8,9.02,1.0
2017.0,Mohammed Siraj,214,141,10,6,9.11,1.67
2017.0,Mustafizur Rahman,34,17,0,1,12.0,0.0
2017.0,NB Singh,18,25,1,2,4.32,0.5
2017.0,NM Coulter-Nile,232,178,16,8,7.82,2.0
2017.0,P Kumar,154,108,6,6,8.56,1.0
2017.0,P Negi,202,200,17,12,6.06,1.42
2017.0,PJ Cummins,393,289,16,12,8.16,1.33
2017.0,PJ Sangwan,183,110,6,5,9.98,1.2
2017.0,PP Chawla,179,122,6,6,8.8,1.0
2017.0,R Bhatia,55,43,2,3,7.67,0.67
2017.0,R Tewatia,51,55,3,3,5.56,1.0
2017.0,R Vinay Kumar,31,20,2,1,9.3,2.0
2017.0,RA Jadeja,352,229,5,12,9.22,0.42
2017.0,RA Tripathi,12,6,0,1,12.0,0.0
2017.0,RD Chahar,59,46,2,2,7.7,1.0
2017.0,Rashid Khan,368,328,18,14,6.73,1.29
2017.0,S Aravind,278,190,5,10,8.78,0.5
2017.0,S Badree,191,151,9,7,7.59,1.29
2017.0,S Kaul,303,221,16,10,8.23,1.6
2017.0,S Kaushik,109,68,0,3,9.62,0.0
2017.0,S Nadeem,119,110,6,7,6.49,0.86
2017.0,SB Jakati,52,32,0,2,9.75,0.0
2017.0,SK Raina,102,72,1,6,8.5,0.17
2017.0,SL Malinga,388,287,11,12,8.11,0.92
2017.0,SN Thakur,319,239,13,12,8.01,1.08
2017.0,SP Narine,412,362,12,15,6.83,0.8
2017.0,SR Watson,246,165,5,8,8.95,0.62
2017.0,SS Agarwal,42,24,1,1,10.5,1.0
2017.0,STR Binny,50,37,4,4,8.11,1.0
2017.0,Sandeep Sharma,402,300,17,13,8.04,1.31
2017.0,Shakib Al Hasan,34,18,0,1,11.33,0.0
2017.0,Swapnil Singh,61,43,1,4,8.51,0.25
2017.0,T Natarajan,116,82,2,6,8.49,0.33
2017.0,TA Boult,222,148,5,6,9.0,0.83
2017.0,TG Southee,97,66,3,3,8.82,1.0
2017.0,TM Head,81,48,3,5,10.12,0.6
2017.0,TS Mills,157,111,5,5,8.49,1.0
2017.0,Tejas Baroka,33,21,0,1,9.43,0.0
2017.0,UT Yadav,432,304,18,14,8.53,1.29
2017.0,VR Aaron,170,129,7,6,7.91,1.17
2017.0,Washington Sundar,189,182,9,10,6.23,0.9
2017.0,YK Pathan,41,24,1,4,10.25,0.25
2017.0,YS Chahal,351,271,14,13,7.77,1.08
2017.0,Yuvraj Singh,23,12,2,2,11.5,1.0
2017.0,Z Khan,323,246,12,11,7.88,1.09
2018.0,A Dananjaya,47,25,0,1,11.28,0.0
2018.0,A Mishra,265,226,13,10,7.04,1.3
2018.0,AD Russell,360,239,13,15,9.04,0.87
2018.0,AJ Tye,459,353,28,14,7.8,2.0
2018.0,AR Patel,221,158,3,8,8.39,0.38
2018.0,AS Rajpoot,230,166,11,8,8.31,1.38
2018.0,Ankit Sharma,11,6,0,1,11.0,0.0
2018.0,Anureet Singh,42,24,2,3,10.5,0.67
2018.0,Avesh Khan,205,117,4,6,10.51,0.67
2018.0,B Kumar,357,286,10,12,7.49,0.83
2018.0,B Laughlin,212,134,9,7,9.49,1.29
2018.0,B Stanlake,130,100,5,4,7.8,1.25
2018.0,BA Stokes,307,232,9,12,7.94,0.75
2018.0,BB Sran,231,146,6,6,9.49,1.0
2018.0,BCJ Cutting,169,105,2,7,9.66,0.29
2018.0,Basil Thampi,115,62,5,4,11.13,1.25
2018.0,C de Grandhomme,132,97,3,7,8.16,0.43
2018.0,CH Morris,148,87,3,4,10.21,0.75
2018.0,CJ Anderson,117,56,5,3,12.54,1.67
2018.0,CJ Dala,34,19,0,1,10.74,0.0
2018.0,CJ Jordan,35,25,0,1,8.4,0.0
2018.0,CR Brathwaite,96,64,6,4,9.0,1.5
2018.0,CR Woakes,196,118,8,5,9.97,1.6
2018.0,DJ Bravo,538,338,18,16,9.55,1.12
2018.0,DJ Hooda,25,19,0,2,7.89,0.0
2018.0,DJ Willey,96,61,2,3,9.44,0.67
2018.0,DJM Short,23,18,1,2,7.67,0.5
2018.0,DL Chahar,281,248,10,12,6.8,0.83
2018.0,DS Kulkarni,189,126,4,8,9.0,0.5
2018.0,DT Christian,106,71,4,4,8.96,1.0
2018.0,GJ Maxwell,132,98,5,10,8.08,0.5
2018.0,HH Pandya,391,270,19,13,8.69,1.46
2018.0,HV Patel,169,109,7,5,9.3,1.4
2018.0,Harbhajan Singh,270,193,7,12,8.39,0.58
2018.0,IS Sodhi,137,138,5,6,5.96,0.83
2018.0,Imran Tahir,193,126,6,6,9.19,1.0
2018.0,JC Archer,329,249,15,10,7.93,1.5
2018.0,JD Unadkat,486,310,12,15,9.41,0.8
2018.0,JJ Bumrah,383,333,17,14,6.9,1.21
2018.0,JP Duminy,36,18,0,2,12.0,0.0
2018.0,JPR Scantlebury-Searles,89,45,2,3,11.87,0.67
2018.0,K Gowtham,321,244,12,15,7.89,0.8
2018.0,K Khejroliya,110,70,2,3,9.43,0.67
2018.0,KH Pandya,288,246,14,13,7.02,1.08
2018.0,KK Ahmed,39,19,0,1,12.32,0.0
2018.0,KM Asif,75,38,3,2,11.84,1.5
2018.0,KV Sharma,90,58,4,5,9.31,0.8
2018.0,Kuldeep Yadav,423,312,18,16,8.13,1.12
2018.0,L Ngidi,162,163,13,7,5.96,1.86
2018.0,LE Plunkett,228,154,4,7,8.88,0.57
2018.0,M Ashwin,54,45,3,2,7.2,1.5
2018.0,M Markande,376,268,15,14,8.42,1.07
2018.0,M Prasidh Krishna,261,177,12,7,8.85,1.71
2018.0,MA Wood,50,25,0,1,12.0,0.0
2018.0,MG Johnson,218,133,2,6,9.83,0.33
2018.0,MJ McClenaghan,340,250,16,11,8.16,1.45
2018.0,MK Lomror,27,18,0,2,9.0,0.0
2018.0,MK Tiwary,10,7,0,1,8.57,0.0
2018.0,MM Ali,98,81,6,5,7.26,1.2
2018.0,MM Sharma,328,186,7,9,10.58,0.78
2018.0,MP Stoinis,121,66,3,6,11.0,0.5
2018.0,Mohammad Nabi,47,30,1,2,9.4,0.5
2018.0,Mohammed Shami,144,85,3,4,10.16,0.75
2018.0,Mohammed Siraj,372,264,12,11,8.45,1.09
2018.0,Mujeeb Ur Rahman,292,254,15,11,6.9,1.36
2018.0,Mustafizur Rahman,232,167,9,7,8.34,1.29
2018.0,N Rana,44,38,4,5,6.95,0.8
2018.0,P Negi,49,24,1,2,12.25,0.5
2018.0,PJ Sangwan,20,12,0,1,10.0,0.0
2018.0,PP Chawla,419,296,14,15,8.49,0.93
2018.0,R Ashwin,411,314,11,14,7.85,0.79
2018.0,R Tewatia,174,134,6,8,7.79,0.75
2018.0,R Vinay Kumar,65,25,2,2,15.6,1.0
2018.0,RA Jadeja,310,250,12,14,7.44,0.86
2018.0,Rashid Khan,466,411,23,17,6.8,1.35
2018.0,S Gopal,239,188,12,10,7.63,1.2
2018.0,S Kaul,558,402,24,17,8.33,1.41
2018.0,S Lamichhane,86,73,5,3,7.07,1.67
2018.0,S Nadeem,162,92,5,6,10.57,0.83
2018.0,SN Thakur,433,295,17,13,8.81,1.31
2018.0,SP Narine,473,371,17,16,7.65,1.06
2018.0,SR Watson,252,176,7,11,8.59,0.64
2018.0,STR Binny,33,14,0,1,14.14,0.0
2018.0,Sandeep Sharma,334,273,14,12,7.34,1.17
2018.0,Shakib Al Hasan,458,345,16,17,7.97,0.94
2018.0,Shivam Mavi,273,179,7,9,9.15,0.78
2018.0,TA Boult,476,327,20,14,8.73,1.43
2018.0,TG Southee,263,183,8,8,8.62,1.0
2018.0,TK Curran,118,64,6,5,11.06,1.2
2018.0,UT Yadav,424,331,20,14,7.69,1.43
2018.0,V Shankar,58,34,1,4,10.24,0.25
2018.0,Washington Sundar,194,122,4,7,9.54,0.57
2018.0,YK Pathan,14,12,1,1,7.0,1.0
2018.0,YS Chahal,374,313,12,14,7.17,0.86
2018.0,Yuvraj Singh,23,13,0,2,10.62,0.0
2019.0,A Mishra,271,243,11,11,6.69,1.0
2019.0,AD Russell,288,182,11,12,9.49,0.92
2019.0,AJ Tye,233,137,3,6,10.2,0.5
2019.0,AR Patel,368,307,12,14,7.19,0.86
2019.0,AS Joseph,89,55,6,3,9.71,2.0
2019.0,AS Rajpoot,157,102,3,4,9.24,0.75
2019.0,AS Roy,11,15,1,1,4.4,1.0
2019.0,Abhishek Sharma,21,13,1,2,9.69,0.5
2019.0,Arshdeep Singh,117,65,3,3,10.8,1.0
2019.0,Avesh Khan,30,19,0,1,9.47,0.0
2019.0,B Kumar,466,367,14,15,7.62,0.93
2019.0,BA Stokes,200,109,6,6,11.01,1.0
2019.0,BB Sran,51,25,0,2,12.24,0.0
2019.0,BCJ Cutting,27,12,1,1,13.5,1.0
2019.0,Basil Thampi,115,73,0,3,9.45,0.0
2019.0,C de Grandhomme,55,31,0,3,10.65,0.0
2019.0,CH Morris,314,206,13,9,9.15,1.44
2019.0,CR Brathwaite,29,21,0,2,8.29,0.0
2019.0,CV Varun,35,18,1,1,11.67,1.0
2019.0,DJ Bravo,336,263,13,12,7.67,1.08
2019.0,DJ Hooda,21,13,1,2,9.69,0.5
2019.0,DL Chahar,486,400,22,17,7.29,1.29
2019.0,DS Kulkarni,336,219,6,10,9.21,0.6
2019.0,DW Steyn,74,48,4,2,9.25,2.0
2019.0,GC Viljoen,229,146,8,6,9.41,1.33
2019.0,GH Vihari,9,6,0,1,9.0,0.0
2019.0,HF Gurney,239,169,7,8,8.49,0.88
2019.0,HH Pandya,397,269,16,16,8.86,1.0
2019.0,HV Patel,77,52,3,2,8.88,1.5
2019.0,Harbhajan Singh,315,269,18,11,7.03,1.64
2019.0,Harpreet Brar,48,30,0,2,9.6,0.0
2019.0,I Sharma,364,285,14,13,7.66,1.08
2019.0,IS Sodhi,67,44,4,2,9.14,2.0
2019.0,Imran Tahir,440,388,26,17,6.8,1.53
2019.0,J Suchith,28,24,2,1,7.0,2.0
2019.0,J Yadav,50,43,1,2,6.98,0.5
2019.0,JC Archer,306,264,12,11,6.95,1.09
2019.0,JD Unadkat,395,230,10,10,10.3,1.0
2019.0,JJ Bumrah,433,382,23,16,6.8,1.44
2019.0,JP Behrendorff,168,117,5,5,8.62,1.0
2019.0,K Gowtham,171,122,1,7,8.41,0.14
2019.0,K Khejroliya,29,25,1,1,6.96,1.0
2019.0,K Rabada,382,298,29,12,7.69,2.42
2019.0,KC Cariappa,34,13,0,1,15.69,0.0
2019.0,KH Pandya,337,282,12,16,7.17,0.75
2019.0,KK Ahmed,292,222,20,9,7.89,2.22
2019.0,KMA Paul,239,180,10,8,7.97,1.25
2019.0,KV Sharma,33,17,1,1,11.65,1.0
2019.0,Kuldeep Yadav,286,202,5,9,8.5,0.56
2019.0,LH Ferguson,185,107,2,5,10.37,0.4
2019.0,LS Livingstone,13,6,0,1,13.0,0.0
2019.0,M Ashwin,257,211,5,10,7.31,0.5
2019.0,M Markande,59,37,1,3,9.57,0.33
2019.0,M Prasidh Krishna,394,260,5,11,9.09,0.45
2019.0,MJ McClenaghan,143,114,3,5,7.53,0.6
2019.0,MJ Santner,94,88,4,4,6.41,1.0
2019.0,MM Ali,169,151,7,9,6.72,0.78
2019.0,MM Sharma,27,18,1,1,9.0,1.0
2019.0,MP Stoinis,147,103,2,6,8.56,0.33
2019.0,Mandeep Singh,26,12,0,2,13.0,0.0
2019.0,Mohammad Nabi,201,175,8,8,6.89,1.0
2019.0,Mohammed Shami,477,331,22,14,8.65,1.57
2019.0,Mohammed Siraj,271,179,8,9,9.08,0.89
2019.0,Mujeeb Ur Rahman,193,123,3,5,9.41,0.6
2019.0,N Rana,73,50,3,6,8.76,0.5
2019.0,Navdeep Saini,398,293,12,12,8.15,1.0
2019.0,O Thomas,77,56,3,3,8.25,1.0
2019.0,P Negi,103,70,3,4,8.83,0.75
2019.0,P Ray Barman,56,24,0,1,14.0,0.0
2019.0,PP Chawla,405,267,10,13,9.1,0.77
2019.0,R Ashwin,400,342,17,14,7.02,1.21
2019.0,R Parag,111,78,1,6,8.54,0.17
2019.0,R Tewatia,42,39,2,3,6.46,0.67
2019.0,RA Jadeja,347,326,15,16,6.39,0.94
2019.0,RD Chahar,310,287,13,13,6.48,1.0
2019.0,Rashid Khan,396,367,19,15,6.47,1.27
2019.0,Rasikh Salam,42,27,0,1,9.33,0.0
2019.0,S Dube,8,11,0,2,4.36,0.0
2019.0,S Gopal,338,283,17,13,7.17,1.31
2019.0,S Kaul,243,169,6,7,8.63,0.86
2019.0,S Lamichhane,211,138,9,6,9.17,1.5
2019.0,S Midhun,29,13,0,1,13.38,0.0
2019.0,S Nadeem,91,54,3,3,10.11,1.0
2019.0,S Sandeep Warrier,86,73,2,3,7.07,0.67
2019.0,SC Kuggeleijn,71,50,2,2,8.52,1.0
2019.0,SE Rutherford,60,46,1,6,7.83,0.17
2019.0,SK Raina,6,6,0,1,6.0,0.0
2019.0,SL Malinga,452,280,18,12,9.69,1.5
2019.0,SM Curran,325,207,11,9,9.42,1.22
2019.0,SN Khan,6,2,0,1,18.0,0.0
2019.0,SN Thakur,285,190,9,9,9.0,1.0
2019.0,SP Narine,353,273,11,12,7.76,0.92
2019.0,STR Binny,44,43,1,5,6.14,0.2
2019.0,Sandeep Sharma,355,265,13,11,8.04,1.18
2019.0,Shakib Al Hasan,95,66,2,3,8.64,0.67
2019.0,TA Boult,163,120,5,5,8.15,1.0
2019.0,TG Southee,123,58,1,3,12.72,0.33
2019.0,UT Yadav,365,232,9,10,9.44,0.9
2019.0,V Shankar,70,52,2,5,8.08,0.4
2019.0,VR Aaron,105,68,4,4,9.26,1.0
2019.0,Washington Sundar,75,54,4,3,8.33,1.33
2019.0,Y Prithvi Raj,57,33,1,2,10.36,0.5
2019.0,YK Pathan,8,6,0,1,8.0,0.0
2019.0,YS Chahal,393,306,17,13,7.71,1.31
2020.0,A Mishra,72,61,3,3,7.08,1.0
2020.0,A Nortje,529,376,23,16,8.44,1.44
2020.0,A Zampa,92,67,2,3,8.24,0.67
2020.0,AD Russell,178,114,7,7,9.37,1.0
2020.0,AJ Tye,54,27,2,1,12.0,2.0
2020.0,AR Patel,329,308,11,15,6.41,0.73
2020.0,AS Rajpoot,206,115,2,6,10.75,0.33
2020.0,Abdul Samad,96,43,1,3,13.4,0.33
2020.0,Abhishek Sharma,92,61,2,6,9.05,0.33
2020.0,Arshdeep Singh,219,158,11,8,8.32,1.38
2020.0,Avesh Khan,42,25,0,1,10.08,0.0
2020.0,B Kumar,100,88,5,4,6.82,1.25
2020.0,BA Stokes,159,96,2,6,9.94,0.33
2020.0,Basil Thampi,46,24,1,1,11.5,1.0
2020.0,CH Gayle,5,5,0,1,6.0,0.0
2020.0,CH Morris,212,204,12,9,6.24,1.33
2020.0,CJ Green,24,17,0,1,8.47,0.0
2020.0,CJ Jordan,320,210,12,9,9.14,1.33
2020.0,CV Varun,357,313,17,13,6.84,1.31
2020.0,DA Warner,2,2,0,1,6.0,0.0
2020.0,DJ Bravo,180,135,7,6,8.0,1.17
2020.0,DJ Hooda,10,6,0,1,10.0,0.0
2020.0,DL Chahar,402,321,12,14,7.51,0.86
2020.0,DR Sams,114,77,0,3,8.88,0.0
2020.0,DS Kulkarni,22,20,0,1,6.6,0.0
2020.0,DW Steyn,134,75,1,3,10.72,0.33
2020.0,GJ Maxwell,171,126,3,7,8.14,0.43
2020.0,HV Patel,135,98,3,5,8.27,0.6
2020.0,Harpreet Brar,41,25,0,1,9.84,0.0
2020.0,I Sharma,26,20,0,1,7.8,0.0
2020.0,I Udana,286,182,8,10,9.43,0.8
2020.0,Imran Tahir,78,66,1,3,7.09,0.33
2020.0,J Yadav,43,42,1,2,6.14,0.5
2020.0,JC Archer,373,345,20,14,6.49,1.43
2020.0,JD Unadkat,229,144,5,7,9.54,0.71
2020.0,JDS Neesham,149,93,2,5,9.61,0.4
2020.0,JJ Bumrah,436,384,30,15,6.81,2.0
2020.0,JL Pattinson,321,222,11,10,8.68,1.1
2020.0,JO Holder,239,176,15,7,8.15,2.14
2020.0,JR Hazlewood,72,61,1,3,7.08,0.33
2020.0,K Gowtham,84,48,1,2,10.5,0.5
2020.0,K Rabada,565,414,32,17,8.19,1.88
2020.0,KA Pollard,190,138,4,11,8.26,0.36
2020.0,KH Pandya,387,315,6,16,7.37,0.38
2020.0,KK Ahmed,245,158,10,7,9.3,1.43
2020.0,KL Nagarkoti,233,160,5,9,8.74,0.56
2020.0,KS Williamson,24,12,0,1,12.0,0.0
2020.0,KV Sharma,165,118,5,5,8.39,1.0
2020.0,Kartik Tyagi,372,241,10,10,9.26,1.0
2020.0,Kuldeep Yadav,95,75,1,4,7.6,0.25
2020.0,L Ngidi,169,104,10,4,9.75,2.5
2020.0,LH Ferguson,153,127,9,5,7.23,1.8
2020.0,M Ashwin,240,191,10,9,7.54,1.11
2020.0,M Prasidh Krishna,165,109,4,6,9.08,0.67
2020.0,MJ Santner,53,42,2,2,7.57,1.0
2020.0,MM Ali,42,32,1,3,7.88,0.33
2020.0,MM Sharma,45,25,1,1,10.8,1.0
2020.0,MP Stoinis,287,184,13,13,9.36,1.0
2020.0,MR Marsh,6,4,0,1,9.0,0.0
2020.0,Mohammad Nabi,24,26,0,1,5.54,0.0
2020.0,Mohammed Shami,482,342,23,14,8.46,1.64
2020.0,Mohammed Siraj,244,172,11,9,8.51,1.22
2020.0,Monu Kumar,20,16,0,1,7.5,0.0
2020.0,Mujeeb Ur Rahman,83,49,0,2,10.16,0.0
2020.0,N Rana,23,13,0,2,10.62,0.0
2020.0,NM Coulter-Nile,206,165,6,7,7.49,0.86
2020.0,Navdeep Saini,392,294,8,13,8.0,0.62
2020.0,P Dubey,72,48,0,3,9.0,0.0
2020.0,PJ Cummins,424,321,12,14,7.93,0.86
2020.0,PP Chawla,191,128,7,7,8.95,1.0
2020.0,R Ashwin,393,312,15,15,7.56,1.0
2020.0,R Parag,27,13,0,2,12.46,0.0
2020.0,R Tewatia,327,286,11,14,6.86,0.79
2020.0,RA Jadeja,318,221,6,13,8.63,0.46
2020.0,RD Chahar,439,323,16,15,8.15,1.07
2020.0,Rashid Khan,355,391,20,16,5.45,1.25
2020.0,Ravi Bishnoi,381,318,14,14,7.19,1.0
2020.0,S Dube,75,55,5,5,8.18,1.0
2020.0,S Gopal,429,305,10,14,8.44,0.71
2020.0,S Kaul,64,26,2,1,14.77,2.0
2020.0,S Nadeem,179,137,6,7,7.84,0.86
2020.0,S Sandeep Warrier,34,21,0,1,9.71,0.0
2020.0,SM Curran,348,265,14,13,7.88,1.08
2020.0,SN Thakur,279,203,10,9,8.25,1.11
2020.0,SP Narine,308,230,6,10,8.03,0.6
2020.0,SS Cottrell,177,131,6,6,8.11,1.0
2020.0,Sandeep Sharma,374,317,14,13,7.08,1.08
2020.0,Shahbaz Ahmed,45,37,2,2,7.3,1.0
2020.0,Shivam Mavi,214,162,9,8,7.93,1.12
2020.0,T Natarajan,520,389,19,16,8.02,1.19
2020.0,TA Boult,473,354,26,15,8.02,1.73
2020.0,TK Curran,210,116,3,5,10.86,0.6
2020.0,TU Deshpande,193,110,3,5,10.53,0.6
2020.0,UT Yadav,86,46,1,2,11.22,0.5
2020.0,V Shankar,82,84,4,5,5.86,0.8
2020.0,VR Aaron,96,54,0,3,10.67,0.0
2020.0,Washington Sundar,300,302,9,15,5.96,0.6
2020.0,YS Chahal,414,348,22,15,7.14,1.47
2021.0,A Mishra,109,84,6,4,7.79,1.5
2021.0,A Nortje,198,187,12,8,6.35,1.5
2021.0,AD Russell,189,122,11,8,9.3,1.38
2021.0,AF Milne,135,87,4,4,9.31,1.0
2021.0,AK Markram,23,25,0,2,5.52,0.0
2021.0,AR Patel,315,285,16,12,6.63,1.33
2021.0,AU Rashid,35,18,0,1,11.67,0.0
2021.0,Abdul Samad,9,6,1,1,9.0,1.0
2021.0,Abhishek Sharma,66,63,4,6,6.29,0.67
2021.0,Akash Singh,39,24,0,1,9.75,0.0
2021.0,Arshdeep Singh,348,263,20,12,7.94,1.67
2021.0,Avesh Khan,466,383,27,16,7.3,1.69
2021.0,B Kumar,337,259,6,11,7.81,0.55
2021.0,BA Stokes,12,6,0,1,12.0,0.0
2021.0,C Sakariya,434,334,14,14,7.8,1.0
2021.0,CH Morris,396,262,17,11,9.07,1.55
2021.0,CJ Jordan,103,74,4,4,8.35,1.0
2021.0,CR Woakes,85,67,5,3,7.61,1.67
2021.0,CV Varun,456,416,20,17,6.58,1.18
2021.0,DJ Bravo,264,221,15,11,7.17,1.36
2021.0,DJ Hooda,136,96,2,7,8.5,0.29
2021.0,DL Chahar,453,339,16,15,8.02,1.07
2021.0,DR Sams,39,38,1,2,6.16,0.5
2021.0,DS Kulkarni,48,26,0,1,11.08,0.0
2021.0,DT Christian,156,104,4,9,9.0,0.44
2021.0,FA Allen,90,67,1,3,8.06,0.33
2021.0,GD Phillips,20,13,1,2,9.23,0.5
2021.0,GHS Garton,136,97,3,5,8.41,0.6
2021.0,GJ Maxwell,135,99,3,6,8.18,0.5
2021.0,HV Patel,461,361,35,15,7.66,2.33
2021.0,Harbhajan Singh,63,45,0,3,8.4,0.0
2021.0,Harpreet Brar,142,141,5,7,6.04,0.71
2021.0,I Sharma,98,72,1,3,8.17,0.33
2021.0,IC Porel,42,26,1,1,9.69,1.0
2021.0,Imran Tahir,16,26,3,1,3.69,3.0
2021.0,J Suchith,66,42,1,2,9.43,0.5
2021.0,J Yadav,131,106,3,5,7.42,0.6
2021.0,JA Richardson,122,69,3,3,10.61,1.0
2021.0,JD Unadkat,168,134,4,6,7.52,0.67
2021.0,JDS Neesham,68,54,5,3,7.56,1.67
2021.0,JJ Bumrah,422,347,22,14,7.3,1.57
2021.0,JO Holder,248,203,16,8,7.33,2.0
2021.0,JR Hazlewood,302,215,11,9,8.43,1.22
2021.0,Jalaj S Saxena,27,18,0,1,9.0,0.0
2021.0,K Rabada,464,346,16,15,8.05,1.07
2021.0,K Yadav,17,12,0,1,8.5,0.0
2021.0,KA Jamieson,271,179,9,9,9.08,1.0
2021.0,KA Pollard,95,85,6,9,6.71,0.67
2021.0,KH Pandya,267,210,5,12,7.63,0.42
2021.0,KK Ahmed,225,168,5,7,8.04,0.71
2021.0,KL Nagarkoti,25,12,0,1,12.5,0.0
2021.0,KM Asif,18,14,1,1,7.71,1.0
2021.0,KW Richardson,29,19,1,1,9.16,1.0
2021.0,Kartik Tyagi,125,93,4,4,8.06,1.0
2021.0,L Ngidi,129,75,5,3,10.32,1.67
2021.0,LH Ferguson,226,186,14,8,7.29,1.75
2021.0,LI Meriwala,32,19,1,1,10.11,1.0
2021.0,Lalit Yadav,101,84,4,5,7.21,0.8
2021.0,M Ashwin,100,71,1,3,8.45,0.33
2021.0,M Jansen,47,40,3,2,7.05,1.5
2021.0,M Markande,26,18,0,1,8.67,0.0
2021.0,M Prasidh Krishna,357,253,12,10,8.47,1.2
2021.0,MC Henriques,47,61,4,5,4.62,0.8
2021.0,MK Lomror,47,43,1,4,6.56,0.25
2021.0,MM Ali,163,154,7,10,6.35,0.7
2021.0,MP Stoinis,124,69,2,8,10.78,0.25
2021.0,Mohammad Nabi,86,48,2,3,10.75,0.67
2021.0,Mohammed Shami,400,323,20,14,7.43,1.43
2021.0,Mohammed Siraj,366,321,11,15,6.84,0.73
2021.0,Mujeeb Ur Rahman,30,26,2,1,6.92,2.0
2021.0,Mustafizur Rahman,448,327,18,14,8.22,1.29
2021.0,N Rana,12,12,0,2,6.0,0.0
2021.0,NM Coulter-Nile,131,121,7,5,6.5,1.4
2021.0,NT Ellis,91,68,1,3,8.03,0.33
2021.0,Navdeep Saini,53,25,0,2,12.72,0.0
2021.0,PJ Cummins,237,168,9,7,8.46,1.29
2021.0,PP Chawla,38,24,1,1,9.5,1.0
2021.0,PWH de Silva,60,36,0,2,10.0,0.0
2021.0,R Ashwin,334,278,8,13,7.21,0.62
2021.0,R Parag,73,39,2,6,11.23,0.33
2021.0,R Tewatia,342,229,8,13,8.96,0.62
2021.0,RA Jadeja,347,300,13,16,6.94,0.81
2021.0,RD Chahar,324,261,13,11,7.45,1.18
2021.0,RG Sharma,13,7,0,2,11.14,0.0
2021.0,RP Meredith,171,108,4,5,9.5,0.8
2021.0,RV Patel,22,20,0,1,6.6,0.0
2021.0,Rashid Khan,398,349,19,14,6.84,1.36
2021.0,Ravi Bishnoi,240,220,13,9,6.55,1.44
2021.0,S Dube,53,31,0,4,10.26,0.0
2021.0,S Gopal,84,42,0,3,12.0,0.0
2021.0,S Kaul,253,181,8,8,8.39,1.0
2021.0,S Nadeem,36,24,1,1,9.0,1.0
2021.0,S Sandeep Warrier,15,12,0,1,7.5,0.0
2021.0,SM Curran,332,209,10,9,9.53,1.11
2021.0,SN Thakur,531,388,22,16,8.21,1.38
2021.0,SP Narine,369,344,18,14,6.44,1.29
2021.0,Sandeep Sharma,204,145,3,7,8.44,0.43
2021.0,Shahbaz Ahmed,92,84,7,6,6.57,1.17
2021.0,Shakib Al Hasan,188,157,5,8,7.18,0.62
2021.0,Shivam Mavi,242,204,12,9,7.12,1.33
2021.0,T Natarajan,70,50,2,2,8.4,1.0
2021.0,T Shamsi,34,24,0,1,8.5,0.0
2021.0,TA Boult,409,317,14,14,7.74,1.0
2021.0,TG Southee,95,74,5,3,7.7,1.67
2021.0,TK Curran,104,72,4,3,8.67,1.33
2021.0,Umran Malik,96,75,2,3,7.68,0.67
2021.0,V Shankar,100,72,4,5,8.33,0.8
2021.0,VR Iyer,71,54,3,4,7.89,0.75
2021.0,Washington Sundar,119,98,3,6,7.29,0.5
2021.0,YS Chahal,381,323,19,15,7.08,1.27
2022.0,A Badoni,12,12,2,2,6.0,1.0
2022.0,A Nortje,219,143,9,6,9.19,1.5
2022.0,AD Russell,282,176,21,13,9.61,1.62
2022.0,AF Milne,19,15,0,1,7.6,0.0
2022.0,AJ Tye,113,69,3,3,9.83,1.0
2022.0,AK Markram,64,36,1,4,10.67,0.25
2022.0,AR Patel,323,261,6,13,7.43,0.46
2022.0,AS Joseph,269,185,8,9,8.72,0.89
2022.0,AS Roy,55,42,1,2,7.86,0.5
2022.0,Abdul Samad,8,6,0,1,8.0,0.0
2022.0,Abhishek Sharma,39,24,0,3,9.75,0.0
2022.0,Akash Deep,206,119,6,5,10.39,1.2
2022.0,Aman Hakim Khan,13,6,0,1,13.0,0.0
2022.0,Arshdeep Singh,402,317,12,14,7.61,0.86
2022.0,Avesh Khan,423,300,19,13,8.46,1.46
2022.0,B Kumar,394,330,13,14,7.16,0.93
2022.0,Basil Thampi,158,102,5,5,9.29,1.0
2022.0,C Sakariya,87,71,3,3,7.35,1.0
2022.0,CJ Jordan,136,80,3,4,10.2,0.75
2022.0,CV Varun,338,245,6,11,8.28,0.55
2022.0,D Brevis,8,3,1,1,16.0,1.0
2022.0,D Pretorius,213,138,7,6,9.26,1.17
2022.0,DG Nalkande,59,33,2,2,10.73,1.0
2022.0,DJ Bravo,303,229,17,10,7.94,1.7
2022.0,DJ Hooda,43,24,1,2,10.75,0.5
2022.0,DJ Mitchell,27,13,0,2,12.46,0.0
2022.0,DJ Willey,75,66,1,4,6.82,0.25
2022.0,DR Sams,375,274,14,11,8.21,1.27
2022.0,FA Allen,46,24,1,1,11.5,1.0
2022.0,Fazalhaq Farooqi,110,76,2,3,8.68,0.67
2022.0,GJ Maxwell,166,146,8,10,6.82,0.8
2022.0,HH Pandya,226,189,8,10,7.17,0.8
2022.0,HR Shokeen,130,94,2,5,8.3,0.4
2022.0,HV Patel,421,338,21,15,7.47,1.4
2022.0,Harpreet Brar,148,100,4,5,8.88,0.8
2022.0,Harshit Rana,52,31,1,2,10.06,0.5
2022.0,J Suchith,141,115,7,5,7.36,1.4
2022.0,JD Unadkat,191,123,7,5,9.32,1.4
2022.0,JDS Neesham,29,18,0,1,9.67,0.0
2022.0,JJ Bumrah,392,327,16,14,7.19,1.14
2022.0,JO Holder,399,266,16,12,9.0,1.33
2022.0,JR Hazlewood,380,289,21,12,7.89,1.75
2022.0,K Gowtham,101,72,5,4,8.42,1.25
2022.0,K Kartikeya,103,78,5,4,7.92,1.25
2022.0,K Rabada,414,303,23,13,8.2,1.77
2022.0,KA Pollard,130,87,4,6,8.97,0.67
2022.0,KH Pandya,269,232,11,12,6.96,0.92
2022.0,KK Ahmed,315,242,16,10,7.81,1.6
2022.0,KL Nagarkoti,29,13,0,1,13.38,0.0
2022.0,KR Sen,240,157,8,7,9.17,1.14
2022.0,Kartik Tyagi,79,54,1,2,8.78,0.5
2022.0,Kuldeep Yadav,420,306,21,14,8.24,1.5
2022.0,LH Ferguson,433,298,16,13,8.72,1.23
2022.0,LS Livingstone,202,144,6,12,8.42,0.5
2022.0,Lalit Yadav,152,110,4,8,8.29,0.5
2022.0,M Ashwin,233,179,9,8,7.81,1.12
2022.0,M Jansen,278,201,7,8,8.3,0.88
2022.0,M Markande,61,42,1,2,8.71,0.5
2022.0,M Pathirana,56,48,2,2,7.0,1.0
2022.0,M Prasidh Krishna,564,432,21,17,7.83,1.24
2022.0,M Theekshana,267,212,12,9,7.56,1.33
2022.0,MJ Santner,135,114,4,6,7.11,0.67
2022.0,MK Lomror,18,12,0,2,9.0,0.0
2022.0,MM Ali,159,146,8,10,6.53,0.8
2022.0,MP Stoinis,79,44,4,5,10.77,0.8
2022.0,MR Marsh,102,76,4,4,8.05,1.0
2022.0,Mohammed Shami,491,378,21,16,7.79,1.31
2022.0,Mohammed Siraj,525,325,9,15,9.69,0.6
2022.0,Mohsin Khan,202,206,14,9,5.88,1.56
2022.0,Mukesh Choudhary,425,291,16,13,8.76,1.23
2022.0,Mustafizur Rahman,248,199,9,8,7.48,1.12
2022.0,N Rana,23,12,0,2,11.5,0.0
2022.0,NM Coulter-Nile,49,20,0,1,14.7,0.0
2022.0,NT Ellis,57,40,4,2,8.55,2.0
2022.0,Navdeep Saini,73,39,3,2,11.23,1.5
2022.0,OC McCoy,242,173,11,7,8.39,1.57
2022.0,OF Smith,179,95,7,6,11.31,1.17
2022.0,PH Solanki,39,36,2,2,6.5,1.0
2022.0,PJ Cummins,219,127,8,5,10.35,1.6
2022.0,PJ Sangwan,66,56,3,3,7.07,1.0
2022.0,PVD Chameera,393,278,11,12,8.48,0.92
2022.0,PWH de Silva,439,346,27,16,7.61,1.69
2022.0,R Ashwin,506,419,13,17,7.25,0.76
2022.0,R Dhawan,164,119,6,6,8.27,1.0
2022.0,R Parag,59,26,1,4,13.62,0.25
2022.0,R Powell,17,7,0,1,14.57,0.0
2022.0,R Sai Kishore,122,98,6,5,7.47,1.2
2022.0,R Sanjay Yadav,23,14,0,1,9.86,0.0
2022.0,R Shepherd,98,57,4,3,10.32,1.33
2022.0,R Tewatia,76,36,1,5,12.67,0.2
2022.0,RA Jadeja,252,203,6,10,7.45,0.6
2022.0,RD Chahar,365,290,14,13,7.55,1.08
2022.0,RP Meredith,241,181,10,8,7.99,1.25
2022.0,Ramandeep Singh,55,41,6,3,8.05,2.0
2022.0,Rashid Khan,428,386,20,16,6.65,1.25
2022.0,Rasikh Salam,28,24,0,2,7.0,0.0
2022.0,Ravi Bishnoi,462,340,14,14,8.15,1.0
2022.0,S Dube,40,14,0,2,17.14,0.0
2022.0,S Gopal,34,18,1,1,11.33,1.0
2022.0,S Kaul,43,24,0,1,10.75,0.0
2022.0,SA Abbott,47,27,1,1,10.44,1.0
2022.0,SN Thakur,485,315,16,14,9.24,1.14
2022.0,SP Narine,319,342,10,14,5.6,0.71
2022.0,SS Iyer,7,6,0,1,7.0,0.0
2022.0,Sandeep Sharma,156,126,3,5,7.43,0.6
2022.0,Shahbaz Ahmed,341,220,4,14,9.3,0.29
2022.0,Shashank Singh,20,13,0,2,9.23,0.0
2022.0,Shivam Mavi,229,142,5,6,9.68,0.83
2022.0,Simarjeet Singh,143,113,4,6,7.59,0.67
2022.0,T Natarajan,410,272,20,11,9.04,1.82
2022.0,TA Boult,501,387,18,16,7.77,1.12
2022.0,TG Southee,284,220,16,9,7.75,1.78
2022.0,TS Mills,192,107,6,5,10.77,1.2
2022.0,TU Deshpande,67,43,1,2,9.35,0.5
2022.0,Tilak Varma,13,12,0,2,6.5,0.0
2022.0,UT Yadav,354,297,16,12,7.15,1.33
2022.0,Umran Malik,455,313,23,14,8.72,1.64
2022.0,V Shankar,15,10,1,2,9.0,0.5
2022.0,VG Arora,165,110,4,5,9.0,0.8
2022.0,VR Aaron,53,33,2,2,9.64,1.0
2022.0,VR Iyer,46,24,0,4,11.5,0.0
2022.0,Washington Sundar,239,170,6,8,8.44,0.75
2022.0,YBK Jaiswal,6,1,0,1,36.0,0.0
2022.0,YS Chahal,536,429,29,17,7.5,1.71
2022.0,Yash Dayal,296,205,13,9,8.66,1.44
2023.0,A Badoni,0,1,0,1,0.0,0.0
2023.0,A Mishra,151,115,7,7,7.88,1.0
2023.0,A Nortje,370,251,11,10,8.84,1.1
2023.0,A Zampa,189,133,9,6,8.53,1.5
2023.0,AD Russell,173,99,7,9,10.48,0.78
2023.0,AJ Hosein,41,24,1,1,10.25,1.0
2023.0,AK Markram,71,49,1,6,8.69,0.17
2023.0,AR Patel,344,288,11,13,7.17,0.85
2023.0,AS Joseph,226,150,7,7,9.04,1.0
2023.0,AS Roy,65,51,3,3,7.65,1.0
2023.0,AU Rashid,56,42,2,2,8.0,1.0
2023.0,Abhishek Sharma,127,75,2,5,10.16,0.4
2023.0,Akash Deep,63,33,1,2,11.45,0.5
2023.0,Akash Madhwal,222,160,16,8,8.32,2.0
2023.0,Akash Singh,188,117,5,6,9.64,0.83
2023.0,Arjun Tendulkar,95,68,4,4,8.38,1.0
2023.0,Arshad Khan,192,97,5,6,11.88,0.83
2023.0,Arshdeep Singh,497,324,18,14,9.2,1.29
2023.0,Avesh Khan,287,176,8,9,9.78,0.89
2023.0,B Kumar,432,319,19,14,8.13,1.36
2023.0,BA Stokes,18,6,0,1,18.0,0.0
2023.0,C Green,370,239,8,16,9.29,0.5
2023.0,C Sakariya,89,55,3,2,9.71,1.5
2023.0,CJ Jordan,241,140,3,6,10.33,0.5
2023.0,CV Varun,445,323,20,14,8.27,1.43
2023.0,D Jansen,53,28,1,1,11.36,1.0
2023.0,D Pretorius,29,28,0,1,6.21,0.0
2023.0,D Wiese,38,18,0,1,12.67,0.0
2023.0,DG Nalkande,45,25,1,1,10.8,1.0
2023.0,DJ Hooda,8,6,0,1,8.0,0.0
2023.0,DJ Willey,106,94,4,4,6.77,1.0
2023.0,DL Chahar,261,191,13,9,8.2,1.44
2023.0,Fazalhaq Farooqi,119,86,4,4,8.3,1.0
2023.0,GD Phillips,20,18,1,2,6.67,0.5
2023.0,GJ Maxwell,95,64,3,7,8.91,0.43
2023.0,Gurnoor Brar,42,21,0,1,12.0,0.0
2023.0,H Sharma,33,18,0,1,11.0,0.0
2023.0,HH Pandya,241,156,4,11,9.27,0.36
2023.0,HR Shokeen,190,119,3,8,9.58,0.38
2023.0,HV Patel,468,302,15,13,9.3,1.15
2023.0,Harpreet Brar,219,166,9,11,7.92,0.82
2023.0,Harshit Rana,153,108,6,6,8.5,1.0
2023.0,I Sharma,210,157,10,8,8.03,1.25
2023.0,J Little,296,211,9,10,8.42,0.9
2023.0,J Yadav,26,24,0,1,6.5,0.0
2023.0,JC Archer,202,129,2,5,9.4,0.4
2023.0,JD Unadkat,92,52,1,3,10.62,0.33
2023.0,JE Root,15,12,0,1,7.5,0.0
2023.0,JO Holder,290,176,4,8,9.89,0.5
2023.0,JP Behrendorff,395,262,17,12,9.05,1.42
2023.0,JR Hazlewood,76,57,3,3,8.0,1.0
2023.0,K Gowtham,118,100,3,6,7.08,0.5
2023.0,K Kartikeya,231,163,5,8,8.5,0.62
2023.0,K Khejroliya,64,28,2,2,13.71,1.0
2023.0,K Rabada,243,147,7,6,9.92,1.17
2023.0,K Yadav,68,42,2,2,9.71,1.0
2023.0,KH Pandya,320,253,9,12,7.59,0.75
2023.0,KK Ahmed,309,212,10,9,8.75,1.11
2023.0,KM Asif,139,91,3,4,9.16,0.75
2023.0,KR Mayers,59,46,0,6,7.7,0.0
2023.0,KR Sen,29,19,0,2,9.16,0.0
2023.0,KV Sharma,229,132,11,7,10.41,1.57
2023.0,Kartik Tyagi,92,44,1,3,12.55,0.33
2023.0,Kuldeep Yadav,366,300,10,14,7.32,0.71
2023.0,LH Ferguson,98,50,1,3,11.76,0.33
2023.0,LS Livingstone,94,42,2,5,13.43,0.4
2023.0,Lalit Yadav,120,82,3,4,8.78,0.75
2023.0,M Ashwin,53,25,0,2,12.72,0.0
2023.0,M Jansen,273,178,10,8,9.2,1.25
2023.0,M Markande,300,230,12,10,7.83,1.2
2023.0,M Pathirana,364,288,21,11,7.58,1.91
2023.0,M Theekshana,364,274,9,12,7.97,0.75
2023.0,MA Wood,142,102,11,4,8.35,2.75
2023.0,MG Bracewell,95,66,6,5,8.64,1.2
2023.0,MJ Santner,82,72,3,3,6.83,1.0
2023.0,MK Lomror,17,12,1,2,8.5,0.5
2023.0,MM Ali,185,133,7,10,8.35,0.7
2023.0,MM Sharma,362,268,31,14,8.1,2.21
2023.0,MP Stoinis,101,69,5,5,8.78,1.0
2023.0,MR Marsh,172,132,12,8,7.82,1.5
2023.0,MW Short,25,25,0,3,6.0,0.0
2023.0,Mayank Dagar,83,66,1,3,7.55,0.33
2023.0,Mohammed Shami,532,403,28,17,7.92,1.65
2023.0,Mohammed Siraj,395,329,20,14,7.2,1.43
2023.0,Mohit Rathee,29,12,0,1,14.5,0.0
2023.0,Mohsin Khan,111,64,3,4,10.41,0.75
2023.0,Mukesh Kumar,328,197,9,10,9.99,0.9
2023.0,Mustafizur Rahman,79,42,1,2,11.29,0.5
2023.0,N Rana,75,54,3,6,8.33,0.5
2023.0,NA Saini,35,15,0,1,14.0,0.0
2023.0,NT Ellis,342,233,13,10,8.81,1.3
2023.0,Navdeep Saini,40,25,3,1,9.6,3.0
2023.0,Naveen-ul-Haq,227,175,11,7,7.78,1.57
2023.0,Nithish Kumar Reddy,54,31,0,2,10.45,0.0
2023.0,Noor Ahmad,375,299,16,13,7.53,1.23
2023.0,OC McCoy,13,7,0,1,11.14,0.0
2023.0,P Dubey,19,19,1,1,6.0,1.0
2023.0,PP Chawla,499,371,23,16,8.07,1.44
2023.0,PWH de Silva,259,175,9,8,8.88,1.12
2023.0,R Ashwin,370,309,15,13,7.18,1.15
2023.0,R Dhawan,64,42,1,4,9.14,0.25
2023.0,R Goyal,34,24,0,1,8.5,0.0
2023.0,R Powell,18,14,1,1,7.71,1.0
2023.0,R Tewatia,15,14,0,2,6.43,0.0
2023.0,RA Jadeja,421,330,19,15,7.65,1.27
2023.0,RD Chahar,388,301,8,14,7.73,0.57
2023.0,RJW Topley,14,12,1,1,7.0,1.0
2023.0,RP Meredith,209,126,7,5,9.95,1.4
2023.0,RS Hangargekar,60,43,3,2,8.37,1.5
2023.0,Rashid Khan,557,407,28,17,8.21,1.65
2023.0,Ravi Bishnoi,394,312,17,14,7.58,1.21
2023.0,SM Curran,497,299,11,14,9.97,0.79
2023.0,SN Thakur,222,132,7,9,10.09,0.78
2023.0,SP Narine,389,296,11,14,7.89,0.79
2023.0,SSB Magala,52,37,1,2,8.43,0.5
2023.0,Sandeep Sharma,398,290,15,12,8.23,1.25
2023.0,Shahbaz Ahmed,95,42,1,5,13.57,0.2
2023.0,Sikandar Raza,124,76,3,6,9.79,0.5
2023.0,Suyash Sharma,330,239,11,11,8.28,1.0
2023.0,Swapnil Singh,18,12,0,2,9.0,0.0
2023.0,T Natarajan,416,276,13,12,9.04,1.08
2023.0,T Stubbs,14,12,1,1,7.0,1.0
2023.0,TA Boult,316,235,13,10,8.07,1.3
2023.0,TG Southee,79,36,2,2,13.17,1.0
2023.0,TU Deshpande,579,362,24,15,9.6,1.6
2023.0,Tilak Varma,7,7,0,1,6.0,0.0
2023.0,UT Yadav,190,116,1,8,9.83,0.12
2023.0,Umran Malik,219,124,6,8,10.6,0.75
2023.0,VG Arora,149,107,5,5,8.36,1.0
2023.0,Vijaykumar Vyshak,253,153,11,7,9.92,1.57
2023.0,Vivrant Sharma,37,21,0,2,10.57,0.0
2023.0,WD Parnell,237,157,9,7,9.06,1.29
2023.0,Washington Sundar,146,106,3,7,8.26,0.43
2023.0,YS Chahal,434,326,22,14,7.99,1.57
2023.0,Yash Dayal,165,88,2,5,11.25,0.4
2023.0,Yash Thakur,297,207,15,9,8.61,1.67
2023.0,Yudhvir Singh,73,50,3,3,8.76,1.0
2024.0,A Badoni,25,12,0,2,12.5,0.0
2024.0,A Kamboj,115,68,2,3,10.15,0.67
2024.0,A Mishra,20,12,1,1,10.0,1.0
2024.0,A Nortje,298,140,7,6,12.77,1.17
2024.0,AD Russell,304,188,19,14,9.7,1.36
2024.0,AK Markram,15,13,0,2,6.92,0.0
2024.0,AR Patel,340,265,11,14,7.7,0.79
2024.0,AS Joseph,123,64,1,3,11.53,0.33
2024.0,AS Roy,60,34,1,3,10.59,0.33
2024.0,Abhishek Sharma,51,42,2,4,7.29,0.5
2024.0,Akash Deep,55,23,1,1,14.35,1.0
2024.0,Akash Madhwal,209,119,6,5,10.54,1.2
2024.0,Arjun Tendulkar,22,15,0,1,8.8,0.0
2024.0,Arshad Khan,90,56,1,3,9.64,0.33
2024.0,Arshad Khan (2),25,13,0,1,11.54,0.0
2024.0,Arshdeep Singh,514,326,20,14,9.46,1.43
2024.0,Atharva Taide,4,1,0,1,24.0,0.0
2024.0,Avesh Khan,533,346,22,15,9.24,1.47
2024.0,Azmatullah Omarzai,194,131,4,7,8.89,0.57
2024.0,B Kumar,555,357,11,16,9.33,0.69
2024.0,C Green,305,223,12,13,8.21,0.92
2024.0,CV Varun,411,309,21,14,7.98,1.5
2024.0,DG Nalkande,46,31,3,3,8.9,1.0
2024.0,DJ Hooda,22,19,0,2,6.95,0.0
2024.0,DJ Mitchell,70,38,1,2,11.05,0.5
2024.0,DL Chahar,202,146,5,8,8.3,0.62
2024.0,G Coetzee,357,216,13,10,9.92,1.3
2024.0,GJ Maxwell,129,98,7,6,7.9,1.17
2024.0,Gulbadin Naib,12,6,0,1,12.0,0.0
2024.0,H Sharma,29,12,0,1,14.5,0.0
2024.0,HH Pandya,389,226,13,12,10.33,1.08
2024.0,HV Patel,485,317,30,14,9.18,2.14
2024.0,Harpreet Brar,309,230,7,13,8.06,0.54
2024.0,Harshit Rana,385,264,20,11,8.75,1.82
2024.0,I Sharma,266,182,12,9,8.77,1.33
2024.0,J Little,45,25,4,1,10.8,4.0
2024.0,JA Richardson,40,25,0,1,9.6,0.0
2024.0,JD Unadkat,321,200,9,11,9.63,0.82
2024.0,JJ Bumrah,341,328,21,13,6.24,1.62
2024.0,K Gowtham,30,13,0,1,13.85,0.0
2024.0,K Rabada,386,262,11,11,8.84,1.0
2024.0,KA Maharaj,39,36,2,2,6.5,1.0
2024.0,KH Pandya,258,205,6,12,7.55,0.5
2024.0,KK Ahmed,493,324,17,14,9.13,1.21
2024.0,KR Sen,127,79,6,3,9.65,2.0
2024.0,KT Maphaka,90,39,1,2,13.85,0.5
2024.0,KV Sharma,256,149,7,9,10.31,0.78
2024.0,Kartik Tyagi,52,26,0,1,12.0,0.0
2024.0,Kuldeep Yadav,376,267,16,11,8.45,1.45
2024.0,L Wood,94,38,1,2,14.84,0.5
2024.0,LB Williams,74,42,1,2,10.57,0.5
2024.0,LH Ferguson,260,147,10,7,10.61,1.43
2024.0,LS Livingstone,86,75,3,4,6.88,0.75
2024.0,Lalit Yadav,57,18,0,2,19.0,0.0
2024.0,M Jansen,134,68,2,3,11.82,0.67
2024.0,M Markande,259,142,8,7,10.94,1.14
2024.0,M Pathirana,175,145,13,6,7.24,2.17
2024.0,M Shahrukh Khan,16,12,0,2,8.0,0.0
2024.0,M Siddharth,72,58,1,3,7.45,0.33
2024.0,M Theekshana,146,121,2,5,7.24,0.4
2024.0,MA Starc,450,267,20,13,10.11,1.54
2024.0,MJ Henry,112,74,1,4,9.08,0.25
2024.0,MJ Santner,64,54,3,3,7.11,1.0
2024.0,MJ Suthar,26,12,0,1,13.0,0.0
2024.0,MK Lomror,18,9,0,1,12.0,0.0
2024.0,MM Ali,71,49,2,4,8.69,0.5
2024.0,MM Sharma,428,245,16,11,10.48,1.45
2024.0,MP Stoinis,127,87,5,7,8.76,0.71
2024.0,MP Yadav,88,76,8,4,6.95,2.0
2024.0,MR Marsh,103,54,1,3,11.44,0.33
2024.0,Mayank Dagar,122,72,1,5,10.17,0.2
2024.0,Mohammad Nabi,110,74,2,6,8.92,0.33
2024.0,Mohammed Siraj,507,350,15,14,8.69,1.07
2024.0,Mohsin Khan,385,237,10,10,9.75,1.0
2024.0,Mukesh Choudhary,27,7,0,1,23.14,0.0
2024.0,Mukesh Kumar,379,223,22,10,10.2,2.2
2024.0,Mustafizur Rahman,324,225,14,9,8.64,1.56
2024.0,N Burger,152,105,7,5,8.69,1.4
2024.0,N Thushara,259,172,8,7,9.03,1.14
2024.0,N Wadhera,13,12,0,1,6.5,0.0
2024.0,NT Ellis,24,24,1,1,6.0,1.0
2024.0,Naman Dhir,55,29,0,3,11.38,0.0
2024.0,Naveen-ul-Haq,375,232,15,10,9.7,1.5
2024.0,Nithish Kumar Reddy,154,87,4,7,10.62,0.57
2024.0,Noor Ahmad,297,214,8,10,8.33,0.8
2024.0,PJ Cummins,571,375,18,16,9.14,1.12
2024.0,PP Chawla,312,215,13,11,8.71,1.18
2024.0,PVD Chameera,49,19,0,1,15.47,0.0
2024.0,R Ashwin,469,346,9,14,8.13,0.64
2024.0,R Dhawan,39,19,0,1,12.32,0.0
2024.0,R Parag,27,19,0,2,8.53,0.0
2024.0,R Ravindra,7,12,0,2,3.5,0.0
2024.0,R Sai Kishore,137,93,7,5,8.84,1.4
2024.0,R Shepherd,162,76,2,5,12.79,0.4
2024.0,RA Jadeja,371,285,8,14,7.81,0.57
2024.0,RD Chahar,280,189,10,9,8.89,1.11
2024.0,RJ Gleeson,72,51,1,2,8.47,0.5
2024.0,RJW Topley,168,95,4,4,10.61,1.0
2024.0,Ramandeep Singh,9,4,0,1,13.5,0.0
2024.0,Rashid Khan,372,262,10,12,8.52,0.83
2024.0,Rasikh Salam,271,156,9,8,10.42,1.12
2024.0,Ravi Bishnoi,384,270,10,14,8.53,0.71
2024.0,S Dube,14,6,1,1,14.0,1.0
2024.0,S Gopal,67,42,3,3,9.57,1.0
2024.0,S Joseph,51,30,0,1,10.2,0.0
2024.0,S Sandeep Warrier,122,70,6,5,10.46,1.2
2024.0,SH Johnson,155,99,4,5,9.39,0.8
2024.0,SM Curran,422,254,16,13,9.97,1.23
2024.0,SN Thakur,315,197,5,9,9.59,0.56
2024.0,SP Narine,376,334,18,14,6.75,1.29
2024.0,SZ Mulani,57,33,0,2,10.36,0.0
2024.0,Sandeep Sharma,314,236,15,10,7.98,1.5
2024.0,Shahbaz Ahmed,277,166,7,15,10.01,0.47
2024.0,Shashank Singh,5,6,1,1,5.0,1.0
2024.0,Sikandar Raza,22,12,0,1,11.0,0.0
2024.0,Simarjeet Singh,122,80,6,4,9.15,1.5
2024.0,Sumit Kumar,38,22,0,2,10.36,0.0
2024.0,Suyash Sharma,51,25,0,2,12.24,0.0
2024.0,Swapnil Singh,133,92,6,7,8.67,0.86
2024.0,T Natarajan,469,332,20,14,8.48,1.43
2024.0,T Stubbs,15,13,3,2,6.92,1.5
2024.0,TA Boult,448,333,16,15,8.07,1.07
2024.0,TM Head,32,10,0,1,19.2,0.0
2024.0,TU Deshpande,435,310,18,13,8.42,1.38
2024.0,Tilak Varma,8,4,0,1,12.0,0.0
2024.0,UT Yadav,211,129,9,7,9.81,1.29
2024.0,Umran Malik,15,7,0,1,12.86,0.0
2024.0,V Kaverappa,36,24,2,1,9.0,2.0
2024.0,V Viyaskanth,90,60,1,3,9.0,0.33
2024.0,VG Arora,284,201,11,10,8.48,1.1
2024.0,VR Iyer,28,6,0,1,28.0,0.0
2024.0,Vijaykumar Vyshak,143,90,6,4,9.53,1.5
2024.0,WG Jacks,100,55,2,5,10.91,0.4
2024.0,Washington Sundar,73,30,1,2,14.6,0.5
2024.0,YS Chahal,548,362,19,15,9.08,1.27
2024.0,Yash Dayal,472,322,16,14,8.8,1.14
2024.0,Yash Thakur,405,225,12,10,10.8,1.2
2024.0,Yudhvir Singh,52,24,1,2,13.0,0.5
2025.0,A Badoni,13,10,2,2,7.8,1.0
2025.0,A Kamboj,173,130,8,8,7.98,1.0
2025.0,A Nortje,87,45,1,2,11.6,0.5
2025.0,A Zampa,94,50,2,2,11.28,1.0
2025.0,AD Russell,218,114,8,9,11.47,0.89
2025.0,AK Markram,102,68,4,5,9.0,0.8
2025.0,AR Patel,314,219,6,12,8.6,0.5
2025.0,AS Roy,27,25,2,1,6.48,2.0
2025.0,Abdul Samad,6,2,0,1,18.0,0.0
2025.0,Abhishek Sharma,113,67,0,6,10.12,0.0
2025.0,Akash Deep,230,127,3,6,10.87,0.5
2025.0,Akash Madhwal,167,97,4,4,10.33,1.0
2025.0,Akash Singh,99,67,4,3,8.87,1.33
2025.0,Arshad Khan,220,136,6,9,9.71,0.67
2025.0,Arshdeep Singh,527,367,22,16,8.62,1.38
2025.0,Ashwani Kumar,234,132,11,7,10.64,1.57
2025.0,Avesh Khan,487,294,13,13,9.94,1.0
2025.0,Azmatullah Omarzai,282,169,8,8,10.01,1.0
2025.0,B Kumar,490,318,18,14,9.25,1.29
2025.0,C Bosch,56,45,1,2,7.47,0.5
2025.0,C Sakariya,39,19,0,1,12.32,0.0
2025.0,CV Varun,390,308,17,13,7.6,1.31
2025.0,DJ Hooda,15,7,0,1,12.86,0.0
2025.0,DL Chahar,378,263,12,14,8.62,0.86
2025.0,DS Rathi,435,321,14,13,8.13,1.08
2025.0,E Malinga,244,165,14,7,8.87,2.0
2025.0,Fazalhaq Farooqi,211,104,0,5,12.17,0.0
2025.0,G Coetzee,133,76,2,4,10.5,0.5
2025.0,GJ Maxwell,111,82,4,6,8.12,0.67
2025.0,HH Pandya,345,229,14,14,9.04,1.0
2025.0,HV Patel,434,286,17,13,9.1,1.31
2025.0,Harpreet Brar,190,134,10,7,8.51,1.43
2025.0,Harsh Dubey,98,61,5,3,9.64,1.67
2025.0,Harshit Rana,457,276,15,13,9.93,1.15
2025.0,I Sharma,210,117,4,7,10.77,0.57
2025.0,Ishan Kishan,4,1,0,1,24.0,0.0
2025.0,J Overton,84,41,0,3,12.29,0.0
2025.0,JC Archer,445,292,12,12,9.14,1.0
2025.0,JD Unadkat,177,146,12,7,7.27,1.71
2025.0,JJ Bumrah,322,289,21,12,6.69,1.75
2025.0,JR Hazlewood,389,270,22,12,8.64,1.83
2025.0,K Kartikeya,78,49,2,4,9.55,0.5
2025.0,K Khejroliya,29,19,1,1,9.16,1.0
2025.0,K Rabada,164,88,2,4,11.18,0.5
2025.0,KA Jamieson,147,94,5,4,9.38,1.25
2025.0,KH Pandya,380,283,17,15,8.06,1.13
2025.0,KK Ahmed,454,290,16,14,9.39,1.14
2025.0,KT Maphaka,58,32,1,2,10.88,0.5
2025.0,KV Sharma,133,91,7,5,8.77,1.4
2025.0,Karim Janat,30,6,0,1,30.0,0.0
2025.0,Kuldeep Yadav,392,324,16,14,7.26,1.14
2025.0,L Ngidi,81,48,4,2,10.12,2.0
2025.0,LH Ferguson,107,76,6,4,8.45,1.5
2025.0,LS Livingstone,76,54,2,5,8.44,0.4
2025.0,M Jansen,448,300,16,14,8.96,1.14
2025.0,M Pathirana,430,284,15,12,9.08,1.25
2025.0,M Prasidh Krishna,506,364,26,15,8.34,1.73
2025.0,M Shahrukh Khan,13,6,1,1,13.0,1.0
2025.0,M Siddharth,68,43,2,2,9.49,1.0
2025.0,M Theekshana,412,271,11,11,9.12,1.0
2025.0,M Tiwari,14,6,0,1,14.0,0.0
2025.0,MA Starc,413,245,19,11,10.11,1.73
2025.0,MJ Santner,316,247,10,13,7.68,0.77
2025.0,MM Ali,136,99,6,5,8.24,1.2
2025.0,MM Sharma,259,163,2,8,9.53,0.25
2025.0,MP Stoinis,177,91,1,9,11.67,0.11
2025.0,MP Yadav,100,53,2,2,11.32,1.0
2025.0,Mohammed Shami,348,187,6,9,11.17,0.67
2025.0,Mohammed Siraj,540,367,16,15,8.83,1.07
2025.0,Mujeeb Ur Rahman,28,13,1,1,12.92,1.0
2025.0,Mukesh Choudhary,71,36,1,2,11.83,0.5
2025.0,Mukesh Kumar,411,255,14,12,9.67,1.17
2025.0,Musheer Khan,27,12,1,1,13.5,1.0
2025.0,Mustafizur Rahman,87,66,4,3,7.91,1.33
2025.0,N Rana,18,12,0,2,9.0,0.0
2025.0,N Thushara,30,26,1,1,6.92,1.0
2025.0,N Wadhera,9,5,0,1,10.8,0.0
2025.0,NT Ellis,39,25,1,1,9.36,1.0
2025.0,Naman Dhir,21,24,1,2,5.25,0.5
2025.0,Nithish Kumar Reddy,47,34,4,3,8.29,1.33
2025.0,Noor Ahmad,416,314,24,14,7.95,1.71
2025.0,P Dubey,21,12,1,1,10.5,1.0
2025.0,PHKD Mendis,60,42,2,4,8.57,0.5
2025.0,PJ Cummins,460,312,16,14,8.85,1.14
2025.0,PVD Chameera,198,111,4,6,10.7,0.67
2025.0,PVSN Raju,54,29,2,2,11.17,1.0
2025.0,PWA Mulder,16,6,0,1,16.0,0.0
2025.0,PWH de Silva,376,251,11,11,8.99,1.0
2025.0,Prince Yadav,226,144,5,6,9.42,0.83
2025.0,R Ashwin,286,189,7,9,9.08,0.78
2025.0,R Parag,171,128,4,9,8.02,0.44
2025.0,R Sai Kishore,396,262,19,15,9.07,1.27
2025.0,R Shepherd,156,90,6,7,10.4,0.86
2025.0,RA Jadeja,325,232,10,14,8.41,0.71
2025.0,RD Chahar,9,6,0,1,9.0,0.0
2025.0,RJ Gleeson,39,22,1,1,10.64,1.0
2025.0,RJW Topley,40,18,0,1,13.33,0.0
2025.0,Rashid Khan,523,336,9,15,9.34,0.6
2025.0,Rasikh Salam,71,38,1,2,11.21,0.5
2025.0,Ravi Bishnoi,402,233,9,11,10.35,0.82
2025.0,S Dube,33,13,0,1,15.23,0.0
2025.0,SH Johnson,134,73,1,4,11.01,0.25
2025.0,SM Curran,135,74,1,5,10.95,0.2
2025.0,SN Thakur,376,226,15,10,9.98,1.5
2025.0,SP Narine,357,275,12,12,7.79,1.0
2025.0,Sandeep Sharma,376,243,10,10,9.28,1.0
2025.0,Shahbaz Ahmed,103,56,1,3,11.04,0.33
2025.0,Shashank Singh,27,12,0,1,13.5,0.0
2025.0,Simarjeet Singh,146,63,2,4,13.9,0.5
2025.0,Suryansh Shedge,40,19,0,1,12.63,0.0
2025.0,Suyash Sharma,454,305,9,14,8.93,0.64
2025.0,T Natarajan,53,25,1,2,12.72,0.5
2025.0,T Stubbs,40,12,0,2,20.0,0.0
2025.0,TA Boult,520,357,23,16,8.74,1.44
2025.0,TU Deshpande,342,212,9,10,9.68,0.9
2025.0,V Nigam,361,244,12,13,8.88,0.92
2025.0,V Puthur,109,73,6,5,8.96,1.2
2025.0,VG Arora,431,272,19,12,9.51,1.58
2025.0,Vijaykumar Vyshak,181,113,4,5,9.61,0.8
2025.0,W O'Rourke,132,64,6,3,12.38,2.0
2025.0,WG Jacks,121,90,6,8,8.07,0.75
2025.0,Washington Sundar,112,67,2,5,10.03,0.4
2025.0,XC Bartlett,96,60,2,4,9.6,0.5
2025.0,YS Chahal,431,277,16,13,9.34,1.23
2025.0,Yash Dayal,479,305,14,15,9.42,0.93
2025.0,Yash Thakur,80,43,1,2,11.16,0.5
2025.0,Yudhvir Singh,132,71,4,4,11.15,1.0
2025.0,Zeeshan Ansari,334,209,8,10,9.59,0.8
